bit,information_gain,shapley,p_value_strength,dataset,trees,budget,selector
x0_b0,0.0,-6277866132.3125,274877906944.0,appendicitis,10,20000,modal
x0_b1,0.0,-6013865051.53125,274877906944.0,appendicitis,10,20000,modal
x0_b2,0.0,-11100835774.671877,274877906944.0,appendicitis,10,20000,modal
x0_b3,0.0,-13624082944.609377,274877906944.0,appendicitis,10,20000,modal
x0_b4,0.0,-8838265285.796875,274877906944.0,appendicitis,10,20000,modal
x0_b5,0.0,-6703117904.5625,274877906944.0,appendicitis,10,20000,modal
x1_b0,0.0,-6239447282.96875,274877906944.0,appendicitis,10,20000,modal
x1_b1,0.0,-16211995880.078123,274877906944.0,appendicitis,10,20000,modal
x1_b2,0.0,-3013279869.4375,274877906944.0,appendicitis,10,20000,modal
x1_b3,0.0,-4507409312.171875,274877906944.0,appendicitis,10,20000,modal
x1_b4,0.0,-9170636171.109377,274877906944.0,appendicitis,10,20000,modal
x2_b0,0.0,-2248881930.53125,274877906944.0,appendicitis,10,20000,modal
x2_b1,0.0,-4789239622.25,274877906944.0,appendicitis,10,20000,modal
x2_b2,0.0,-5262595293.8125,274877906944.0,appendicitis,10,20000,modal
x2_b3,0.0,-6514434363.0625,274877906944.0,appendicitis,10,20000,modal
x2_b4,0.0,-4499959894.9375,274877906944.0,appendicitis,10,20000,modal
x3_b0,0.0,-5175353255.75,274877906944.0,appendicitis,10,20000,modal
x3_b1,0.0,-3720761912.046875,274877906944.0,appendicitis,10,20000,modal
x3_b2,0.0,-11129092516.375,274877906944.0,appendicitis,10,20000,modal
x3_b3,0.0,-6832715303.796875,274877906944.0,appendicitis,10,20000,modal
x3_b4,0.0,-5640949032.078125,274877906944.0,appendicitis,10,20000,modal
x4_b0,0.0,-14719972839.640623,274877906944.0,appendicitis,10,20000,modal
x4_b1,0.0,-9229582171.390623,274877906944.0,appendicitis,10,20000,modal
x4_b2,0.0,-8969493521.15625,274877906944.0,appendicitis,10,20000,modal
x4_b3,0.0,-7452798753.96875,274877906944.0,appendicitis,10,20000,modal
x4_b4,0.0,-5722849268.1875,274877906944.0,appendicitis,10,20000,modal
x4_b5,0.0,-3816738358.15625,274877906944.0,appendicitis,10,20000,modal
x5_b0,0.0,-8638669050.0625,274877906944.0,appendicitis,10,20000,modal
x5_b1,0.0,-6880588205.40625,274877906944.0,appendicitis,10,20000,modal
x5_b2,0.0,-6406870695.71875,274877906944.0,appendicitis,10,20000,modal
x5_b3,0.0,-6879104253.375,274877906944.0,appendicitis,10,20000,modal
x5_b4,0.0,-4574174981.8125,274877906944.0,appendicitis,10,20000,modal
x6_b0,0.0,-10707183822.53125,274877906944.0,appendicitis,10,20000,modal
x6_b1,0.0,-11950869098.125,274877906944.0,appendicitis,10,20000,modal
x6_b2,0.0,-7894367895.46875,274877906944.0,appendicitis,10,20000,modal
x6_b3,0.0,-5987197322.546875,274877906944.0,appendicitis,10,20000,modal
x6_b4,0.0,-3924693368.3125,274877906944.0,appendicitis,10,20000,modal
x6_b5,0.0,-3607968603.25,274877906944.0,appendicitis,10,20000,modal
x0_b0,0.0,-6277866132.3125,274877906944.0,appendicitis,5,20000,modal
x0_b1,0.0,-6013865051.53125,274877906944.0,appendicitis,5,20000,modal
x0_b2,0.0,-11100835774.671877,274877906944.0,appendicitis,5,20000,modal
x0_b3,0.0,-13624082944.609377,274877906944.0,appendicitis,5,20000,modal
x0_b4,0.0,-8838265285.796875,274877906944.0,appendicitis,5,20000,modal
x0_b5,0.0,-6703117904.5625,274877906944.0,appendicitis,5,20000,modal
x1_b0,0.0,-6239447282.96875,274877906944.0,appendicitis,5,20000,modal
x1_b1,0.0,-16211995880.078123,274877906944.0,appendicitis,5,20000,modal
x1_b2,0.0,-3013279869.4375,274877906944.0,appendicitis,5,20000,modal
x1_b3,0.0,-4507409312.171875,274877906944.0,appendicitis,5,20000,modal
x1_b4,0.0,-9170636171.109377,274877906944.0,appendicitis,5,20000,modal
x2_b0,0.0,-2248881930.53125,274877906944.0,appendicitis,5,20000,modal
x2_b1,0.0,-4789239622.25,274877906944.0,appendicitis,5,20000,modal
x2_b2,0.0,-5262595293.8125,274877906944.0,appendicitis,5,20000,modal
x2_b3,0.0,-6514434363.0625,274877906944.0,appendicitis,5,20000,modal
x2_b4,0.0,-4499959894.9375,274877906944.0,appendicitis,5,20000,modal
x3_b0,0.0,-5175353255.75,274877906944.0,appendicitis,5,20000,modal
x3_b1,0.0,-3720761912.046875,274877906944.0,appendicitis,5,20000,modal
x3_b2,0.0,-11129092516.375,274877906944.0,appendicitis,5,20000,modal
x3_b3,0.0,-6832715303.796875,274877906944.0,appendicitis,5,20000,modal
x3_b4,0.0,-5640949032.078125,274877906944.0,appendicitis,5,20000,modal
x4_b0,0.0,-14719972839.640623,274877906944.0,appendicitis,5,20000,modal
x4_b1,0.0,-9229582171.390623,274877906944.0,appendicitis,5,20000,modal
x4_b2,0.0,-8969493521.15625,274877906944.0,appendicitis,5,20000,modal
x4_b3,0.0,-7452798753.96875,274877906944.0,appendicitis,5,20000,modal
x4_b4,0.0,-5722849268.1875,274877906944.0,appendicitis,5,20000,modal
x4_b5,0.0,-3816738358.15625,274877906944.0,appendicitis,5,20000,modal
x5_b0,0.0,-8638669050.0625,274877906944.0,appendicitis,5,20000,modal
x5_b1,0.0,-6880588205.40625,274877906944.0,appendicitis,5,20000,modal
x5_b2,0.0,-6406870695.71875,274877906944.0,appendicitis,5,20000,modal
x5_b3,0.0,-6879104253.375,274877906944.0,appendicitis,5,20000,modal
x5_b4,0.0,-4574174981.8125,274877906944.0,appendicitis,5,20000,modal
x6_b0,0.0,-10707183822.53125,274877906944.0,appendicitis,5,20000,modal
x6_b1,0.0,-11950869098.125,274877906944.0,appendicitis,5,20000,modal
x6_b2,0.0,-7894367895.46875,274877906944.0,appendicitis,5,20000,modal
x6_b3,0.0,-5987197322.546875,274877906944.0,appendicitis,5,20000,modal
x6_b4,0.0,-3924693368.3125,274877906944.0,appendicitis,5,20000,modal
x6_b5,0.0,-3607968603.25,274877906944.0,appendicitis,5,20000,modal
x0_b0,0.0,-60777128.75,4294967296.0,banknote,10,20000,modal
x0_b1,0.0,-105440818.9375,4294967296.0,banknote,10,20000,modal
x0_b2,0.0,-88661053.125,4294967296.0,banknote,10,20000,modal
x0_b3,0.0,-249491371.046875,4294967296.0,banknote,10,20000,modal
x0_b4,0.0,-147001882.578125,4294967296.0,banknote,10,20000,modal
x0_b5,0.0,-127637726.4375,4294967296.0,banknote,10,20000,modal
x0_b6,0.0,-68435528.203125,4294967296.0,banknote,10,20000,modal
x0_b7,0.0,-246726265.03125,4294967296.0,banknote,10,20000,modal
x1_b0,0.0,-150007015.921875,4294967296.0,banknote,10,20000,modal
x1_b1,0.0,-115664842.8125,4294967296.0,banknote,10,20000,modal
x1_b2,0.0,-43863569.421875,4294967296.0,banknote,10,20000,modal
x1_b3,0.0,-175869744.234375,4294967296.0,banknote,10,20000,modal
x1_b4,0.0,-112856630.953125,4294967296.0,banknote,10,20000,modal
x1_b5,0.0,-196049580.71875,4294967296.0,banknote,10,20000,modal
x1_b6,0.0,-185419244.84375,4294967296.0,banknote,10,20000,modal
x1_b7,0.0,-103994757.671875,4294967296.0,banknote,10,20000,modal
x2_b0,0.0,-166895826.421875,4294967296.0,banknote,10,20000,modal
x2_b1,0.0,-147716269.234375,4294967296.0,banknote,10,20000,modal
x2_b2,0.0,-162191915.828125,4294967296.0,banknote,10,20000,modal
x2_b3,0.0,-162436499.28125,4294967296.0,banknote,10,20000,modal
x2_b4,0.0,-62164335.6875,4294967296.0,banknote,10,20000,modal
x2_b5,0.0,-141314780.078125,4294967296.0,banknote,10,20000,modal
x2_b6,0.0,-135972851.09375,4294967296.0,banknote,10,20000,modal
x2_b7,0.0,-186454720.765625,4294967296.0,banknote,10,20000,modal
x3_b0,0.0,-65581504.015625,4294967296.0,banknote,10,20000,modal
x3_b1,0.0,-126698691.46875,4294967296.0,banknote,10,20000,modal
x3_b2,0.0,-91545201.53125,4294967296.0,banknote,10,20000,modal
x3_b3,0.0,-75615322.8125,4294967296.0,banknote,10,20000,modal
x3_b4,0.0,-187867500.265625,4294967296.0,banknote,10,20000,modal
x3_b5,0.0,-142436451.9375,4294967296.0,banknote,10,20000,modal
x3_b6,0.0,-98092891.0625,4294967296.0,banknote,10,20000,modal
x3_b7,0.0,-164085372.828125,4294967296.0,banknote,10,20000,modal
x0_b0,0.0,-60777128.75,4294967296.0,banknote,5,20000,modal
x0_b1,0.0,-105440818.9375,4294967296.0,banknote,5,20000,modal
x0_b2,0.0,-88661053.125,4294967296.0,banknote,5,20000,modal
x0_b3,0.0,-249491371.046875,4294967296.0,banknote,5,20000,modal
x0_b4,0.0,-147001882.578125,4294967296.0,banknote,5,20000,modal
x0_b5,0.0,-127637726.4375,4294967296.0,banknote,5,20000,modal
x0_b6,0.0,-68435528.203125,4294967296.0,banknote,5,20000,modal
x0_b7,0.0,-246726265.03125,4294967296.0,banknote,5,20000,modal
x1_b0,0.0,-150007015.921875,4294967296.0,banknote,5,20000,modal
x1_b1,0.0,-115664842.8125,4294967296.0,banknote,5,20000,modal
x1_b2,0.0,-43863569.421875,4294967296.0,banknote,5,20000,modal
x1_b3,0.0,-175869744.234375,4294967296.0,banknote,5,20000,modal
x1_b4,0.0,-112856630.953125,4294967296.0,banknote,5,20000,modal
x1_b5,0.0,-196049580.71875,4294967296.0,banknote,5,20000,modal
x1_b6,0.0,-185419244.84375,4294967296.0,banknote,5,20000,modal
x1_b7,0.0,-103994757.671875,4294967296.0,banknote,5,20000,modal
x2_b0,0.0,-166895826.421875,4294967296.0,banknote,5,20000,modal
x2_b1,0.0,-147716269.234375,4294967296.0,banknote,5,20000,modal
x2_b2,0.0,-162191915.828125,4294967296.0,banknote,5,20000,modal
x2_b3,0.0,-162436499.28125,4294967296.0,banknote,5,20000,modal
x2_b4,0.0,-62164335.6875,4294967296.0,banknote,5,20000,modal
x2_b5,0.0,-141314780.078125,4294967296.0,banknote,5,20000,modal
x2_b6,0.0,-135972851.09375,4294967296.0,banknote,5,20000,modal
x2_b7,0.0,-186454720.765625,4294967296.0,banknote,5,20000,modal
x3_b0,0.0,-65581504.015625,4294967296.0,banknote,5,20000,modal
x3_b1,0.0,-126698691.46875,4294967296.0,banknote,5,20000,modal
x3_b2,0.0,-91545201.53125,4294967296.0,banknote,5,20000,modal
x3_b3,0.0,-75615322.8125,4294967296.0,banknote,5,20000,modal
x3_b4,0.0,-187867500.265625,4294967296.0,banknote,5,20000,modal
x3_b5,0.0,-142436451.9375,4294967296.0,banknote,5,20000,modal
x3_b6,0.0,-98092891.0625,4294967296.0,banknote,5,20000,modal
x3_b7,0.0,-164085372.828125,4294967296.0,banknote,5,20000,modal
x0_b0,0.0,-194939.484375,4194304.0,breast-cancer,10,20000,modal
x0_b1,0.0,-219368.640625,4194304.0,breast-cancer,10,20000,modal
x0_b2,0.0,-105675.453125,4194304.0,breast-cancer,10,20000,modal
x1_b0,0.0,-138503.859375,4194304.0,breast-cancer,10,20000,modal
x1_b1,0.0,-135969.03125,4194304.0,breast-cancer,10,20000,modal
x2_b0,0.0,-129401.1875,4194304.0,breast-cancer,10,20000,modal
x2_b1,0.0,-261452.515625,4194304.0,breast-cancer,10,20000,modal
x2_b2,0.0,-277089.5,4194304.0,breast-cancer,10,20000,modal
x2_b3,0.0,-108982.265625,4194304.0,breast-cancer,10,20000,modal
x3_b0,0.0,-183705.140625,4194304.0,breast-cancer,10,20000,modal
x3_b1,0.0,-359839.171875,4194304.0,breast-cancer,10,20000,modal
x3_b2,0.0,-171200.171875,4194304.0,breast-cancer,10,20000,modal
x3_b3,0.0,-138752.90625,4194304.0,breast-cancer,10,20000,modal
x4_b0,0.0,-203874.421875,4194304.0,breast-cancer,10,20000,modal
x4_b1,0.0,-165566.625,4194304.0,breast-cancer,10,20000,modal
x5_b0,0.0,-212864.9375,4194304.0,breast-cancer,10,20000,modal
x5_b1,0.0,-166542.78125,4194304.0,breast-cancer,10,20000,modal
x6_b0,0.0,-143615.28125,4194304.0,breast-cancer,10,20000,modal
x7_b0,0.0,-147219.3125,4194304.0,breast-cancer,10,20000,modal
x7_b1,0.0,-190895.390625,4194304.0,breast-cancer,10,20000,modal
x7_b2,0.0,-272235.796875,4194304.0,breast-cancer,10,20000,modal
x8_b0,0.0,-266609.125,4194304.0,breast-cancer,10,20000,modal
x0_b0,0.0,-194939.484375,4194304.0,breast-cancer,5,20000,modal
x0_b1,0.0,-219368.640625,4194304.0,breast-cancer,5,20000,modal
x0_b2,0.0,-105675.453125,4194304.0,breast-cancer,5,20000,modal
x1_b0,0.0,-138503.859375,4194304.0,breast-cancer,5,20000,modal
x1_b1,0.0,-135969.03125,4194304.0,breast-cancer,5,20000,modal
x2_b0,0.0,-129401.1875,4194304.0,breast-cancer,5,20000,modal
x2_b1,0.0,-261452.515625,4194304.0,breast-cancer,5,20000,modal
x2_b2,0.0,-277089.5,4194304.0,breast-cancer,5,20000,modal
x2_b3,0.0,-108982.265625,4194304.0,breast-cancer,5,20000,modal
x3_b0,0.0,-183705.140625,4194304.0,breast-cancer,5,20000,modal
x3_b1,0.0,-359839.171875,4194304.0,breast-cancer,5,20000,modal
x3_b2,0.0,-171200.171875,4194304.0,breast-cancer,5,20000,modal
x3_b3,0.0,-138752.90625,4194304.0,breast-cancer,5,20000,modal
x4_b0,0.0,-203874.421875,4194304.0,breast-cancer,5,20000,modal
x4_b1,0.0,-165566.625,4194304.0,breast-cancer,5,20000,modal
x5_b0,0.0,-212864.9375,4194304.0,breast-cancer,5,20000,modal
x5_b1,0.0,-166542.78125,4194304.0,breast-cancer,5,20000,modal
x6_b0,0.0,-143615.28125,4194304.0,breast-cancer,5,20000,modal
x7_b0,0.0,-147219.3125,4194304.0,breast-cancer,5,20000,modal
x7_b1,0.0,-190895.390625,4194304.0,breast-cancer,5,20000,modal
x7_b2,0.0,-272235.796875,4194304.0,breast-cancer,5,20000,modal
x8_b0,0.0,-266609.125,4194304.0,breast-cancer,5,20000,modal
x0_b0,0.0,-5239564752.5625,137438953472.0,bupa,10,20000,modal
x0_b1,0.0,-6761838233.890625,137438953472.0,bupa,10,20000,modal
x0_b2,0.0,-2893253144.65625,137438953472.0,bupa,10,20000,modal
x0_b3,0.0,-4648278797.375,137438953472.0,bupa,10,20000,modal
x0_b4,0.0,-1914070768.5,137438953472.0,bupa,10,20000,modal
x1_b0,0.0,-4248596563.96875,137438953472.0,bupa,10,20000,modal
x1_b1,0.0,-3769816754.765625,137438953472.0,bupa,10,20000,modal
x1_b2,0.0,-4296788908.6875,137438953472.0,bupa,10,20000,modal
x1_b3,0.0,-1135191924.203125,137438953472.0,bupa,10,20000,modal
x1_b4,0.0,-5142943540.71875,137438953472.0,bupa,10,20000,modal
x1_b5,0.0,-3879692019.859375,137438953472.0,bupa,10,20000,modal
x1_b6,0.0,-2209510507.15625,137438953472.0,bupa,10,20000,modal
x2_b0,0.0,-3824369659.15625,137438953472.0,bupa,10,20000,modal
x2_b1,0.0,-1366092124.953125,137438953472.0,bupa,10,20000,modal
x2_b2,0.0,-6598534255.359375,137438953472.0,bupa,10,20000,modal
x2_b3,0.0,-2541911035.25,137438953472.0,bupa,10,20000,modal
x2_b4,0.0,-3105988937.609375,137438953472.0,bupa,10,20000,modal
x2_b5,0.0,-5881236090.71875,137438953472.0,bupa,10,20000,modal
x2_b6,0.0,-2816941969.453125,137438953472.0,bupa,10,20000,modal
x3_b0,0.0,-3593748597.265625,137438953472.0,bupa,10,20000,modal
x3_b1,0.0,-4279966407.09375,137438953472.0,bupa,10,20000,modal
x3_b2,0.0,-4042372663.828125,137438953472.0,bupa,10,20000,modal
x3_b3,0.0,-7232762836.09375,137438953472.0,bupa,10,20000,modal
x3_b4,0.0,-5400377744.078125,137438953472.0,bupa,10,20000,modal
x3_b5,0.0,-5191733577.03125,137438953472.0,bupa,10,20000,modal
x4_b0,0.0,-4633896457.890625,137438953472.0,bupa,10,20000,modal
x4_b1,0.0,-5347789803.140625,137438953472.0,bupa,10,20000,modal
x4_b2,0.0,-3878854281.921875,137438953472.0,bupa,10,20000,modal
x4_b3,0.0,-2903072823.015625,137438953472.0,bupa,10,20000,modal
x4_b4,0.0,-1377701695.59375,137438953472.0,bupa,10,20000,modal
x4_b5,0.0,-2177189493.953125,137438953472.0,bupa,10,20000,modal
x4_b6,0.0,-2447132111.0,137438953472.0,bupa,10,20000,modal
x5_b0,0.0,-4898332075.890625,137438953472.0,bupa,10,20000,modal
x5_b1,0.0,-2994018348.5,137438953472.0,bupa,10,20000,modal
x5_b2,0.0,-2253106807.25,137438953472.0,bupa,10,20000,modal
x5_b3,0.0,-2081452746.40625,137438953472.0,bupa,10,20000,modal
x5_b4,0.0,-430825012.203125,137438953472.0,bupa,10,20000,modal
x0_b0,0.0,-5239564752.5625,137438953472.0,bupa,5,20000,modal
x0_b1,0.0,-6761838233.890625,137438953472.0,bupa,5,20000,modal
x0_b2,0.0,-2893253144.65625,137438953472.0,bupa,5,20000,modal
x0_b3,0.0,-4648278797.375,137438953472.0,bupa,5,20000,modal
x0_b4,0.0,-1914070768.5,137438953472.0,bupa,5,20000,modal
x1_b0,0.0,-4248596563.96875,137438953472.0,bupa,5,20000,modal
x1_b1,0.0,-3769816754.765625,137438953472.0,bupa,5,20000,modal
x1_b2,0.0,-4296788908.6875,137438953472.0,bupa,5,20000,modal
x1_b3,0.0,-1135191924.203125,137438953472.0,bupa,5,20000,modal
x1_b4,0.0,-5142943540.71875,137438953472.0,bupa,5,20000,modal
x1_b5,0.0,-3879692019.859375,137438953472.0,bupa,5,20000,modal
x1_b6,0.0,-2209510507.15625,137438953472.0,bupa,5,20000,modal
x2_b0,0.0,-3824369659.15625,137438953472.0,bupa,5,20000,modal
x2_b1,0.0,-1366092124.953125,137438953472.0,bupa,5,20000,modal
x2_b2,0.0,-6598534255.359375,137438953472.0,bupa,5,20000,modal
x2_b3,0.0,-2541911035.25,137438953472.0,bupa,5,20000,modal
x2_b4,0.0,-3105988937.609375,137438953472.0,bupa,5,20000,modal
x2_b5,0.0,-5881236090.71875,137438953472.0,bupa,5,20000,modal
x2_b6,0.0,-2816941969.453125,137438953472.0,bupa,5,20000,modal
x3_b0,0.0,-3593748597.265625,137438953472.0,bupa,5,20000,modal
x3_b1,0.0,-4279966407.09375,137438953472.0,bupa,5,20000,modal
x3_b2,0.0,-4042372663.828125,137438953472.0,bupa,5,20000,modal
x3_b3,0.0,-7232762836.09375,137438953472.0,bupa,5,20000,modal
x3_b4,0.0,-5400377744.078125,137438953472.0,bupa,5,20000,modal
x3_b5,0.0,-5191733577.03125,137438953472.0,bupa,5,20000,modal
x4_b0,0.0,-4633896457.890625,137438953472.0,bupa,5,20000,modal
x4_b1,0.0,-5347789803.140625,137438953472.0,bupa,5,20000,modal
x4_b2,0.0,-3878854281.921875,137438953472.0,bupa,5,20000,modal
x4_b3,0.0,-2903072823.015625,137438953472.0,bupa,5,20000,modal
x4_b4,0.0,-1377701695.59375,137438953472.0,bupa,5,20000,modal
x4_b5,0.0,-2177189493.953125,137438953472.0,bupa,5,20000,modal
x4_b6,0.0,-2447132111.0,137438953472.0,bupa,5,20000,modal
x5_b0,0.0,-4898332075.890625,137438953472.0,bupa,5,20000,modal
x5_b1,0.0,-2994018348.5,137438953472.0,bupa,5,20000,modal
x5_b2,0.0,-2253106807.25,137438953472.0,bupa,5,20000,modal
x5_b3,0.0,-2081452746.40625,137438953472.0,bupa,5,20000,modal
x5_b4,0.0,-430825012.203125,137438953472.0,bupa,5,20000,modal
x0_b0,0.0,-93888010813.15623,8796093022208.0,cloud,5,20000,modal
x0_b1,0.0,-245614687993.4844,8796093022208.0,cloud,5,20000,modal
x0_b2,0.0,-122635847877.96877,8796093022208.0,cloud,5,20000,modal
x0_b3,0.0,-170164229232.71875,8796093022208.0,cloud,5,20000,modal
x0_b4,0.0,-182450094534.03125,8796093022208.0,cloud,5,20000,modal
x0_b5,0.0,-155850651729.46875,8796093022208.0,cloud,5,20000,modal
x0_b6,0.0,-368163422872.78125,8796093022208.0,cloud,5,20000,modal
x1_b0,0.0,-269445529170.75,8796093022208.0,cloud,5,20000,modal
x2_b0,0.0,-101287833897.07812,8796093022208.0,cloud,5,20000,modal
x2_b1,0.0,-160363907349.9375,8796093022208.0,cloud,5,20000,modal
x2_b2,0.0,-196733212115.9375,8796093022208.0,cloud,5,20000,modal
x2_b3,0.0,-302188796121.5469,8796093022208.0,cloud,5,20000,modal
x2_b4,0.0,-81419646824.125,8796093022208.0,cloud,5,20000,modal
x2_b5,0.0,-211521549239.5,8796093022208.0,cloud,5,20000,modal
x2_b6,0.0,-130990620968.57812,8796093022208.0,cloud,5,20000,modal
x3_b0,0.0,-162104495191.1875,8796093022208.0,cloud,5,20000,modal
x3_b1,0.0,-140721775232.76562,8796093022208.0,cloud,5,20000,modal
x3_b2,0.0,-102671096198.96877,8796093022208.0,cloud,5,20000,modal
x3_b3,0.0,-247336015976.42188,8796093022208.0,cloud,5,20000,modal
x3_b4,0.0,-299927676097.875,8796093022208.0,cloud,5,20000,modal
x3_b5,0.0,-337929378652.75,8796093022208.0,cloud,5,20000,modal
x3_b6,0.0,-100280329252.07812,8796093022208.0,cloud,5,20000,modal
x4_b0,0.0,-76332757388.48438,8796093022208.0,cloud,5,20000,modal
x4_b1,0.0,-183597585311.67188,8796093022208.0,cloud,5,20000,modal
x4_b2,0.0,-297390153380.21875,8796093022208.0,cloud,5,20000,modal
x4_b3,0.0,-514562384745.4844,8796093022208.0,cloud,5,20000,modal
x4_b4,0.0,-172422829222.85938,8796093022208.0,cloud,5,20000,modal
x4_b5,0.0,-139838360149.15625,8796093022208.0,cloud,5,20000,modal
x4_b6,0.0,-176267320777.70312,8796093022208.0,cloud,5,20000,modal
x5_b0,0.0,-265974106644.9844,8796093022208.0,cloud,5,20000,modal
x5_b1,0.0,-177722318971.5,8796093022208.0,cloud,5,20000,modal
x5_b2,0.0,-120863721727.6875,8796093022208.0,cloud,5,20000,modal
x5_b3,0.0,-288342048231.3281,8796093022208.0,cloud,5,20000,modal
x5_b4,0.0,-113860048765.32812,8796093022208.0,cloud,5,20000,modal
x5_b5,0.0,-154327606670.17188,8796093022208.0,cloud,5,20000,modal
x5_b6,0.0,-295984332214.03125,8796093022208.0,cloud,5,20000,modal
x6_b0,0.0,-417256681766.9219,8796093022208.0,cloud,5,20000,modal
x6_b1,0.0,-99109795374.04688,8796093022208.0,cloud,5,20000,modal
x6_b2,0.0,-212399750583.04688,8796093022208.0,cloud,5,20000,modal
x6_b3,0.0,-244237940485.79688,8796093022208.0,cloud,5,20000,modal
x6_b4,0.0,-167571237054.78125,8796093022208.0,cloud,5,20000,modal
x6_b5,0.0,-305015131554.78125,8796093022208.0,cloud,5,20000,modal
x6_b6,0.0,-189328103843.90625,8796093022208.0,cloud,5,20000,modal
x0_b0,0.0,-142363407242891.78,4503599627370496.0,diabetes,5,20000,modal
x0_b1,0.0,-82586090347430.36,4503599627370496.0,diabetes,5,20000,modal
x0_b2,0.0,-83793250546401.47,4503599627370496.0,diabetes,5,20000,modal
x0_b3,0.0,-80448187401229.17,4503599627370496.0,diabetes,5,20000,modal
x1_b0,0.0,-93317927582696.95,4503599627370496.0,diabetes,5,20000,modal
x1_b1,0.0,-58606171405129.0,4503599627370496.0,diabetes,5,20000,modal
x1_b2,0.0,-72762654013993.17,4503599627370496.0,diabetes,5,20000,modal
x1_b3,0.0,-77583638916999.97,4503599627370496.0,diabetes,5,20000,modal
x1_b4,0.0,-68930003961148.42,4503599627370496.0,diabetes,5,20000,modal
x1_b5,0.0,-163598865369846.0,4503599627370496.0,diabetes,5,20000,modal
x1_b6,0.0,-127502238168854.1,4503599627370496.0,diabetes,5,20000,modal
x2_b0,0.0,-125436801478137.58,4503599627370496.0,diabetes,5,20000,modal
x2_b1,0.0,-34081450349355.61,4503599627370496.0,diabetes,5,20000,modal
x2_b2,0.0,-133705476536262.31,4503599627370496.0,diabetes,5,20000,modal
x2_b3,0.0,-97040685885117.7,4503599627370496.0,diabetes,5,20000,modal
x2_b4,0.0,-101630260975591.38,4503599627370496.0,diabetes,5,20000,modal
x2_b5,0.0,-86281155863589.55,4503599627370496.0,diabetes,5,20000,modal
x3_b0,0.0,-120173848943063.05,4503599627370496.0,diabetes,5,20000,modal
x3_b1,0.0,-131276750537971.16,4503599627370496.0,diabetes,5,20000,modal
x3_b2,0.0,-54031174496044.59,4503599627370496.0,diabetes,5,20000,modal
x3_b3,0.0,-3665444982321.375,4503599627370496.0,diabetes,5,20000,modal
x3_b4,0.0,-135703344278324.4,4503599627370496.0,diabetes,5,20000,modal
x3_b5,0.0,-98854722933837.3,4503599627370496.0,diabetes,5,20000,modal
x4_b0,0.0,-104631806079148.77,4503599627370496.0,diabetes,5,20000,modal
x4_b1,0.0,-82447302566661.39,4503599627370496.0,diabetes,5,20000,modal
x4_b2,0.0,-93033435849018.95,4503599627370496.0,diabetes,5,20000,modal
x4_b3,0.0,-112610068523640.72,4503599627370496.0,diabetes,5,20000,modal
x4_b4,0.0,-47456980791763.66,4503599627370496.0,diabetes,5,20000,modal
x4_b5,0.0,-81201546089362.3,4503599627370496.0,diabetes,5,20000,modal
x4_b6,0.0,-73516983664186.62,4503599627370496.0,diabetes,5,20000,modal
x5_b0,0.0,-63843821275466.45,4503599627370496.0,diabetes,5,20000,modal
x5_b1,0.0,-54904344292931.84,4503599627370496.0,diabetes,5,20000,modal
x5_b2,0.0,-82136525024071.0,4503599627370496.0,diabetes,5,20000,modal
x5_b3,0.0,-99746792575725.28,4503599627370496.0,diabetes,5,20000,modal
x5_b4,0.0,-127478846921738.6,4503599627370496.0,diabetes,5,20000,modal
x5_b5,0.0,-109264158048749.77,4503599627370496.0,diabetes,5,20000,modal
x5_b6,0.0,-72950324107196.27,4503599627370496.0,diabetes,5,20000,modal
x5_b7,0.0,-89457409270526.25,4503599627370496.0,diabetes,5,20000,modal
x6_b0,0.0,-91577607873447.31,4503599627370496.0,diabetes,5,20000,modal
x6_b1,0.0,-13044775612843.377,4503599627370496.0,diabetes,5,20000,modal
x6_b2,0.0,-47551368214732.53,4503599627370496.0,diabetes,5,20000,modal
x6_b3,0.0,-125975305320738.64,4503599627370496.0,diabetes,5,20000,modal
x6_b4,0.0,-22750595213264.56,4503599627370496.0,diabetes,5,20000,modal
x6_b5,0.0,-87241903525427.5,4503599627370496.0,diabetes,5,20000,modal
x6_b6,0.0,-109789521380046.34,4503599627370496.0,diabetes,5,20000,modal
x6_b7,0.0,-94675453568935.98,4503599627370496.0,diabetes,5,20000,modal
x7_b0,0.0,-171414211205082.8,4503599627370496.0,diabetes,5,20000,modal
x7_b1,0.0,-27332536521745.688,4503599627370496.0,diabetes,5,20000,modal
x7_b2,0.0,-104074446360769.66,4503599627370496.0,diabetes,5,20000,modal
x7_b3,0.0,-26992966497328.36,4503599627370496.0,diabetes,5,20000,modal
x7_b4,0.0,-25384337062377.03,4503599627370496.0,diabetes,5,20000,modal
x7_b5,0.0,-87740701717330.92,4503599627370496.0,diabetes,5,20000,modal
x0_b0,0.0,-1024180523.890625,68719476736.0,ecoli,10,20000,modal
x0_b1,0.0,-2711341824.46875,68719476736.0,ecoli,10,20000,modal
x0_b2,0.0,-1167434582.921875,68719476736.0,ecoli,10,20000,modal
x0_b3,0.0,-3601905914.546875,68719476736.0,ecoli,10,20000,modal
x0_b4,0.0,-1531336495.484375,68719476736.0,ecoli,10,20000,modal
x0_b5,0.0,-1955210989.40625,68719476736.0,ecoli,10,20000,modal
x0_b6,0.0,-2191396290.78125,68719476736.0,ecoli,10,20000,modal
x1_b0,0.0,-1895754073.125,68719476736.0,ecoli,10,20000,modal
x1_b1,0.0,-2255178358.3125,68719476736.0,ecoli,10,20000,modal
x1_b2,0.0,-1288087119.546875,68719476736.0,ecoli,10,20000,modal
x1_b3,0.0,-1863128023.640625,68719476736.0,ecoli,10,20000,modal
x1_b4,0.0,-1118484252.078125,68719476736.0,ecoli,10,20000,modal
x1_b5,0.0,-384157255.796875,68719476736.0,ecoli,10,20000,modal
x1_b6,0.0,-1237946947.546875,68719476736.0,ecoli,10,20000,modal
x2_b0,0.0,-1123552704.265625,68719476736.0,ecoli,10,20000,modal
x4_b0,0.0,-2849882536.609375,68719476736.0,ecoli,10,20000,modal
x4_b1,0.0,-2851718310.140625,68719476736.0,ecoli,10,20000,modal
x4_b2,0.0,-2884639485.484375,68719476736.0,ecoli,10,20000,modal
x4_b3,0.0,-3154550654.8125,68719476736.0,ecoli,10,20000,modal
x4_b4,0.0,-1222405801.3125,68719476736.0,ecoli,10,20000,modal
x4_b5,0.0,-1737890112.8125,68719476736.0,ecoli,10,20000,modal
x4_b6,0.0,-1988775892.828125,68719476736.0,ecoli,10,20000,modal
x5_b0,0.0,-1832853057.96875,68719476736.0,ecoli,10,20000,modal
x5_b1,0.0,-2490463512.78125,68719476736.0,ecoli,10,20000,modal
x5_b2,0.0,-4062853233.875,68719476736.0,ecoli,10,20000,modal
x5_b3,0.0,-2528659144.578125,68719476736.0,ecoli,10,20000,modal
x5_b4,0.0,-1212806195.796875,68719476736.0,ecoli,10,20000,modal
x5_b5,0.0,-1484729442.671875,68719476736.0,ecoli,10,20000,modal
x5_b6,0.0,-2731091955.71875,68719476736.0,ecoli,10,20000,modal
x6_b0,0.0,-1606187907.875,68719476736.0,ecoli,10,20000,modal
x6_b1,0.0,-1143461222.84375,68719476736.0,ecoli,10,20000,modal
x6_b2,0.0,-2190877035.21875,68719476736.0,ecoli,10,20000,modal
x6_b3,0.0,-933433537.953125,68719476736.0,ecoli,10,20000,modal
x6_b4,0.0,-1651641563.6875,68719476736.0,ecoli,10,20000,modal
x6_b5,0.0,-1727017564.3125,68719476736.0,ecoli,10,20000,modal
x6_b6,0.0,-1084443209.90625,68719476736.0,ecoli,10,20000,modal
x0_b0,0.0,-1024180523.890625,68719476736.0,ecoli,5,20000,modal
x0_b1,0.0,-2711341824.46875,68719476736.0,ecoli,5,20000,modal
x0_b2,0.0,-1167434582.921875,68719476736.0,ecoli,5,20000,modal
x0_b3,0.0,-3601905914.546875,68719476736.0,ecoli,5,20000,modal
x0_b4,0.0,-1531336495.484375,68719476736.0,ecoli,5,20000,modal
x0_b5,0.0,-1955210989.40625,68719476736.0,ecoli,5,20000,modal
x0_b6,0.0,-2191396290.78125,68719476736.0,ecoli,5,20000,modal
x1_b0,0.0,-1895754073.125,68719476736.0,ecoli,5,20000,modal
x1_b1,0.0,-2255178358.3125,68719476736.0,ecoli,5,20000,modal
x1_b2,0.0,-1288087119.546875,68719476736.0,ecoli,5,20000,modal
x1_b3,0.0,-1863128023.640625,68719476736.0,ecoli,5,20000,modal
x1_b4,0.0,-1118484252.078125,68719476736.0,ecoli,5,20000,modal
x1_b5,0.0,-384157255.796875,68719476736.0,ecoli,5,20000,modal
x1_b6,0.0,-1237946947.546875,68719476736.0,ecoli,5,20000,modal
x2_b0,0.0,-1123552704.265625,68719476736.0,ecoli,5,20000,modal
x4_b0,0.0,-2849882536.609375,68719476736.0,ecoli,5,20000,modal
x4_b1,0.0,-2851718310.140625,68719476736.0,ecoli,5,20000,modal
x4_b2,0.0,-2884639485.484375,68719476736.0,ecoli,5,20000,modal
x4_b3,0.0,-3154550654.8125,68719476736.0,ecoli,5,20000,modal
x4_b4,0.0,-1222405801.3125,68719476736.0,ecoli,5,20000,modal
x4_b5,0.0,-1737890112.8125,68719476736.0,ecoli,5,20000,modal
x4_b6,0.0,-1988775892.828125,68719476736.0,ecoli,5,20000,modal
x5_b0,0.0,-1832853057.96875,68719476736.0,ecoli,5,20000,modal
x5_b1,0.0,-2490463512.78125,68719476736.0,ecoli,5,20000,modal
x5_b2,0.0,-4062853233.875,68719476736.0,ecoli,5,20000,modal
x5_b3,0.0,-2528659144.578125,68719476736.0,ecoli,5,20000,modal
x5_b4,0.0,-1212806195.796875,68719476736.0,ecoli,5,20000,modal
x5_b5,0.0,-1484729442.671875,68719476736.0,ecoli,5,20000,modal
x5_b6,0.0,-2731091955.71875,68719476736.0,ecoli,5,20000,modal
x6_b0,0.0,-1606187907.875,68719476736.0,ecoli,5,20000,modal
x6_b1,0.0,-1143461222.84375,68719476736.0,ecoli,5,20000,modal
x6_b2,0.0,-2190877035.21875,68719476736.0,ecoli,5,20000,modal
x6_b3,0.0,-933433537.953125,68719476736.0,ecoli,5,20000,modal
x6_b4,0.0,-1651641563.6875,68719476736.0,ecoli,5,20000,modal
x6_b5,0.0,-1727017564.3125,68719476736.0,ecoli,5,20000,modal
x6_b6,0.0,-1084443209.90625,68719476736.0,ecoli,5,20000,modal
x0_b0,0.0,-16847908.390625,536870912.0,glass2,10,20000,modal
x0_b1,0.0,-17183473.65625,536870912.0,glass2,10,20000,modal
x0_b2,0.0,-13276970.59375,536870912.0,glass2,10,20000,modal
x0_b3,0.0,-16450583.9375,536870912.0,glass2,10,20000,modal
x1_b0,0.0,-16793412.390625,536870912.0,glass2,10,20000,modal
x1_b1,0.0,-9669809.953125,536870912.0,glass2,10,20000,modal
x1_b2,0.0,-9315242.765625,536870912.0,glass2,10,20000,modal
x2_b0,0.0,-38436022.984375,536870912.0,glass2,10,20000,modal
x2_b1,0.0,-30613672.625,536870912.0,glass2,10,20000,modal
x2_b2,0.0,-8691520.109375,536870912.0,glass2,10,20000,modal
x2_b3,0.0,-22391605.546875,536870912.0,glass2,10,20000,modal
x3_b0,0.0,-29803464.265625,536870912.0,glass2,10,20000,modal
x3_b1,0.0,-17743526.25,536870912.0,glass2,10,20000,modal
x3_b2,0.0,-17422325.609375,536870912.0,glass2,10,20000,modal
x3_b3,0.0,-21408210.875,536870912.0,glass2,10,20000,modal
x4_b0,0.0,-21453629.90625,536870912.0,glass2,10,20000,modal
x4_b1,0.0,-11837578.40625,536870912.0,glass2,10,20000,modal
x4_b2,0.0,-13633047.0625,536870912.0,glass2,10,20000,modal
x5_b0,0.0,-25792509.640625,536870912.0,glass2,10,20000,modal
x5_b1,0.0,-21317723.234375,536870912.0,glass2,10,20000,modal
x5_b2,0.0,-15694796.578125,536870912.0,glass2,10,20000,modal
x5_b3,0.0,-33802913.25,536870912.0,glass2,10,20000,modal
x6_b0,0.0,-8736219.484375,536870912.0,glass2,10,20000,modal
x6_b1,0.0,-19603535.25,536870912.0,glass2,10,20000,modal
x6_b2,0.0,-20867042.015625,536870912.0,glass2,10,20000,modal
x6_b3,0.0,-11618595.84375,536870912.0,glass2,10,20000,modal
x8_b0,0.0,-11761779.65625,536870912.0,glass2,10,20000,modal
x8_b1,0.0,-19863397.9375,536870912.0,glass2,10,20000,modal
x8_b2,0.0,-14840392.78125,536870912.0,glass2,10,20000,modal
x0_b0,0.0,-16847908.390625,536870912.0,glass2,5,20000,modal
x0_b1,0.0,-17183473.65625,536870912.0,glass2,5,20000,modal
x0_b2,0.0,-13276970.59375,536870912.0,glass2,5,20000,modal
x0_b3,0.0,-16450583.9375,536870912.0,glass2,5,20000,modal
x1_b0,0.0,-16793412.390625,536870912.0,glass2,5,20000,modal
x1_b1,0.0,-9669809.953125,536870912.0,glass2,5,20000,modal
x1_b2,0.0,-9315242.765625,536870912.0,glass2,5,20000,modal
x2_b0,0.0,-38436022.984375,536870912.0,glass2,5,20000,modal
x2_b1,0.0,-30613672.625,536870912.0,glass2,5,20000,modal
x2_b2,0.0,-8691520.109375,536870912.0,glass2,5,20000,modal
x2_b3,0.0,-22391605.546875,536870912.0,glass2,5,20000,modal
x3_b0,0.0,-29803464.265625,536870912.0,glass2,5,20000,modal
x3_b1,0.0,-17743526.25,536870912.0,glass2,5,20000,modal
x3_b2,0.0,-17422325.609375,536870912.0,glass2,5,20000,modal
x3_b3,0.0,-21408210.875,536870912.0,glass2,5,20000,modal
x4_b0,0.0,-21453629.90625,536870912.0,glass2,5,20000,modal
x4_b1,0.0,-11837578.40625,536870912.0,glass2,5,20000,modal
x4_b2,0.0,-13633047.0625,536870912.0,glass2,5,20000,modal
x5_b0,0.0,-25792509.640625,536870912.0,glass2,5,20000,modal
x5_b1,0.0,-21317723.234375,536870912.0,glass2,5,20000,modal
x5_b2,0.0,-15694796.578125,536870912.0,glass2,5,20000,modal
x5_b3,0.0,-33802913.25,536870912.0,glass2,5,20000,modal
x6_b0,0.0,-8736219.484375,536870912.0,glass2,5,20000,modal
x6_b1,0.0,-19603535.25,536870912.0,glass2,5,20000,modal
x6_b2,0.0,-20867042.015625,536870912.0,glass2,5,20000,modal
x6_b3,0.0,-11618595.84375,536870912.0,glass2,5,20000,modal
x8_b0,0.0,-11761779.65625,536870912.0,glass2,5,20000,modal
x8_b1,0.0,-19863397.9375,536870912.0,glass2,5,20000,modal
x8_b2,0.0,-14840392.78125,536870912.0,glass2,5,20000,modal
x0_b0,0.0,-1855.421875,32768.0,haberman,10,20000,modal
x0_b1,0.0,-1889.359375,32768.0,haberman,10,20000,modal
x0_b2,0.0,-2370.40625,32768.0,haberman,10,20000,modal
x0_b3,0.0,-3015.421875,32768.0,haberman,10,20000,modal
x0_b4,0.0,-1876.328125,32768.0,haberman,10,20000,modal
x0_b5,0.0,-1963.78125,32768.0,haberman,10,20000,modal
x1_b0,0.0,-2778.484375,32768.0,haberman,10,20000,modal
x1_b1,0.0,-2840.984375,32768.0,haberman,10,20000,modal
x1_b2,0.0,-2245.71875,32768.0,haberman,10,20000,modal
x1_b3,0.0,-1269.421875,32768.0,haberman,10,20000,modal
x2_b0,0.0,-2185.4375,32768.0,haberman,10,20000,modal
x2_b1,0.0,-1878.890625,32768.0,haberman,10,20000,modal
x2_b2,0.0,-2307.6875,32768.0,haberman,10,20000,modal
x2_b3,0.0,-2411.453125,32768.0,haberman,10,20000,modal
x2_b4,0.0,-1878.203125,32768.0,haberman,10,20000,modal
x0_b0,0.0,-1855.421875,32768.0,haberman,5,20000,modal
x0_b1,0.0,-1889.359375,32768.0,haberman,5,20000,modal
x0_b2,0.0,-2370.40625,32768.0,haberman,5,20000,modal
x0_b3,0.0,-3015.421875,32768.0,haberman,5,20000,modal
x0_b4,0.0,-1876.328125,32768.0,haberman,5,20000,modal
x0_b5,0.0,-1963.78125,32768.0,haberman,5,20000,modal
x1_b0,0.0,-2778.484375,32768.0,haberman,5,20000,modal
x1_b1,0.0,-2840.984375,32768.0,haberman,5,20000,modal
x1_b2,0.0,-2245.71875,32768.0,haberman,5,20000,modal
x1_b3,0.0,-1269.421875,32768.0,haberman,5,20000,modal
x2_b0,0.0,-2185.4375,32768.0,haberman,5,20000,modal
x2_b1,0.0,-1878.890625,32768.0,haberman,5,20000,modal
x2_b2,0.0,-2307.6875,32768.0,haberman,5,20000,modal
x2_b3,0.0,-2411.453125,32768.0,haberman,5,20000,modal
x2_b4,0.0,-1878.203125,32768.0,haberman,5,20000,modal
x0_b0,0.0,-5239564752.5625,137438953472.0,heart-c,10,20000,modal
x0_b1,0.0,-6761838233.890625,137438953472.0,heart-c,10,20000,modal
x0_b2,0.0,-2893253144.65625,137438953472.0,heart-c,10,20000,modal
x0_b3,0.0,-4648278797.375,137438953472.0,heart-c,10,20000,modal
x0_b4,0.0,-1914070768.5,137438953472.0,heart-c,10,20000,modal
x1_b0,0.0,-4248596563.96875,137438953472.0,heart-c,10,20000,modal
x2_b0,0.0,-3769816754.765625,137438953472.0,heart-c,10,20000,modal
x2_b1,0.0,-4296788908.6875,137438953472.0,heart-c,10,20000,modal
x3_b0,0.0,-1135191924.203125,137438953472.0,heart-c,10,20000,modal
x3_b1,0.0,-5142943540.71875,137438953472.0,heart-c,10,20000,modal
x3_b2,0.0,-3879692019.859375,137438953472.0,heart-c,10,20000,modal
x3_b3,0.0,-2209510507.15625,137438953472.0,heart-c,10,20000,modal
x3_b4,0.0,-3824369659.15625,137438953472.0,heart-c,10,20000,modal
x4_b0,0.0,-1366092124.953125,137438953472.0,heart-c,10,20000,modal
x4_b1,0.0,-6598534255.359375,137438953472.0,heart-c,10,20000,modal
x4_b2,0.0,-2541911035.25,137438953472.0,heart-c,10,20000,modal
x4_b3,0.0,-3105988937.609375,137438953472.0,heart-c,10,20000,modal
x4_b4,0.0,-5881236090.71875,137438953472.0,heart-c,10,20000,modal
x5_b0,0.0,-2816941969.453125,137438953472.0,heart-c,10,20000,modal
x6_b0,0.0,-3593748597.265625,137438953472.0,heart-c,10,20000,modal
x7_b0,0.0,-4279966407.09375,137438953472.0,heart-c,10,20000,modal
x7_b1,0.0,-4042372663.828125,137438953472.0,heart-c,10,20000,modal
x7_b2,0.0,-7232762836.09375,137438953472.0,heart-c,10,20000,modal
x7_b3,0.0,-5400377744.078125,137438953472.0,heart-c,10,20000,modal
x7_b4,0.0,-5191733577.03125,137438953472.0,heart-c,10,20000,modal
x8_b0,0.0,-4633896457.890625,137438953472.0,heart-c,10,20000,modal
x9_b0,0.0,-5347789803.140625,137438953472.0,heart-c,10,20000,modal
x9_b1,0.0,-3878854281.921875,137438953472.0,heart-c,10,20000,modal
x9_b2,0.0,-2903072823.015625,137438953472.0,heart-c,10,20000,modal
x9_b3,0.0,-1377701695.59375,137438953472.0,heart-c,10,20000,modal
x9_b4,0.0,-2177189493.953125,137438953472.0,heart-c,10,20000,modal
x10_b0,0.0,-2447132111.0,137438953472.0,heart-c,10,20000,modal
x10_b1,0.0,-4898332075.890625,137438953472.0,heart-c,10,20000,modal
x11_b0,0.0,-2994018348.5,137438953472.0,heart-c,10,20000,modal
x11_b1,0.0,-2253106807.25,137438953472.0,heart-c,10,20000,modal
x12_b0,0.0,-2081452746.40625,137438953472.0,heart-c,10,20000,modal
x12_b1,0.0,-430825012.203125,137438953472.0,heart-c,10,20000,modal
x0_b0,0.0,-5239564752.5625,137438953472.0,heart-c,5,20000,modal
x0_b1,0.0,-6761838233.890625,137438953472.0,heart-c,5,20000,modal
x0_b2,0.0,-2893253144.65625,137438953472.0,heart-c,5,20000,modal
x0_b3,0.0,-4648278797.375,137438953472.0,heart-c,5,20000,modal
x0_b4,0.0,-1914070768.5,137438953472.0,heart-c,5,20000,modal
x1_b0,0.0,-4248596563.96875,137438953472.0,heart-c,5,20000,modal
x2_b0,0.0,-3769816754.765625,137438953472.0,heart-c,5,20000,modal
x2_b1,0.0,-4296788908.6875,137438953472.0,heart-c,5,20000,modal
x3_b0,0.0,-1135191924.203125,137438953472.0,heart-c,5,20000,modal
x3_b1,0.0,-5142943540.71875,137438953472.0,heart-c,5,20000,modal
x3_b2,0.0,-3879692019.859375,137438953472.0,heart-c,5,20000,modal
x3_b3,0.0,-2209510507.15625,137438953472.0,heart-c,5,20000,modal
x3_b4,0.0,-3824369659.15625,137438953472.0,heart-c,5,20000,modal
x4_b0,0.0,-1366092124.953125,137438953472.0,heart-c,5,20000,modal
x4_b1,0.0,-6598534255.359375,137438953472.0,heart-c,5,20000,modal
x4_b2,0.0,-2541911035.25,137438953472.0,heart-c,5,20000,modal
x4_b3,0.0,-3105988937.609375,137438953472.0,heart-c,5,20000,modal
x4_b4,0.0,-5881236090.71875,137438953472.0,heart-c,5,20000,modal
x5_b0,0.0,-2816941969.453125,137438953472.0,heart-c,5,20000,modal
x6_b0,0.0,-3593748597.265625,137438953472.0,heart-c,5,20000,modal
x7_b0,0.0,-4279966407.09375,137438953472.0,heart-c,5,20000,modal
x7_b1,0.0,-4042372663.828125,137438953472.0,heart-c,5,20000,modal
x7_b2,0.0,-7232762836.09375,137438953472.0,heart-c,5,20000,modal
x7_b3,0.0,-5400377744.078125,137438953472.0,heart-c,5,20000,modal
x7_b4,0.0,-5191733577.03125,137438953472.0,heart-c,5,20000,modal
x8_b0,0.0,-4633896457.890625,137438953472.0,heart-c,5,20000,modal
x9_b0,0.0,-5347789803.140625,137438953472.0,heart-c,5,20000,modal
x9_b1,0.0,-3878854281.921875,137438953472.0,heart-c,5,20000,modal
x9_b2,0.0,-2903072823.015625,137438953472.0,heart-c,5,20000,modal
x9_b3,0.0,-1377701695.59375,137438953472.0,heart-c,5,20000,modal
x9_b4,0.0,-2177189493.953125,137438953472.0,heart-c,5,20000,modal
x10_b0,0.0,-2447132111.0,137438953472.0,heart-c,5,20000,modal
x10_b1,0.0,-4898332075.890625,137438953472.0,heart-c,5,20000,modal
x11_b0,0.0,-2994018348.5,137438953472.0,heart-c,5,20000,modal
x11_b1,0.0,-2253106807.25,137438953472.0,heart-c,5,20000,modal
x12_b0,0.0,-2081452746.40625,137438953472.0,heart-c,5,20000,modal
x12_b1,0.0,-430825012.203125,137438953472.0,heart-c,5,20000,modal
x0_b0,0.0,-435211849.140625,17179869184.0,heart-h,10,20000,modal
x0_b1,0.0,-744345153.328125,17179869184.0,heart-h,10,20000,modal
x0_b2,0.0,-328152547.265625,17179869184.0,heart-h,10,20000,modal
x0_b3,0.0,-587609030.546875,17179869184.0,heart-h,10,20000,modal
x0_b4,0.0,-525630413.4375,17179869184.0,heart-h,10,20000,modal
x1_b0,0.0,-493560131.21875,17179869184.0,heart-h,10,20000,modal
x2_b0,0.0,-464779461.375,17179869184.0,heart-h,10,20000,modal
x2_b1,0.0,-401686440.03125,17179869184.0,heart-h,10,20000,modal
x3_b0,0.0,-536653761.125,17179869184.0,heart-h,10,20000,modal
x3_b1,0.0,-221079682.46875,17179869184.0,heart-h,10,20000,modal
x3_b2,0.0,-381496374.859375,17179869184.0,heart-h,10,20000,modal
x3_b3,0.0,-672281384.546875,17179869184.0,heart-h,10,20000,modal
x3_b4,0.0,-271590440.453125,17179869184.0,heart-h,10,20000,modal
x4_b0,0.0,-497618334.84375,17179869184.0,heart-h,10,20000,modal
x4_b1,0.0,-356104848.578125,17179869184.0,heart-h,10,20000,modal
x4_b2,0.0,-505740239.421875,17179869184.0,heart-h,10,20000,modal
x4_b3,0.0,-717116327.046875,17179869184.0,heart-h,10,20000,modal
x4_b4,0.0,-246611442.484375,17179869184.0,heart-h,10,20000,modal
x4_b5,0.0,-410539318.46875,17179869184.0,heart-h,10,20000,modal
x5_b0,0.0,-269341194.9375,17179869184.0,heart-h,10,20000,modal
x6_b0,0.0,-367294555.390625,17179869184.0,heart-h,10,20000,modal
x7_b0,0.0,-531494773.703125,17179869184.0,heart-h,10,20000,modal
x7_b1,0.0,-395988407.96875,17179869184.0,heart-h,10,20000,modal
x7_b2,0.0,-421445104.734375,17179869184.0,heart-h,10,20000,modal
x7_b3,0.0,-612208195.6875,17179869184.0,heart-h,10,20000,modal
x7_b4,0.0,-1210128347.859375,17179869184.0,heart-h,10,20000,modal
x8_b0,0.0,-627537044.5625,17179869184.0,heart-h,10,20000,modal
x9_b0,0.0,-639762472.28125,17179869184.0,heart-h,10,20000,modal
x9_b1,0.0,-1172947816.203125,17179869184.0,heart-h,10,20000,modal
x9_b2,0.0,-208669567.46875,17179869184.0,heart-h,10,20000,modal
x10_b0,0.0,-417354443.03125,17179869184.0,heart-h,10,20000,modal
x10_b1,0.0,-681144125.265625,17179869184.0,heart-h,10,20000,modal
x12_b0,0.0,-489908689.4375,17179869184.0,heart-h,10,20000,modal
x12_b1,0.0,-336837263.828125,17179869184.0,heart-h,10,20000,modal
x0_b0,0.0,-435211849.140625,17179869184.0,heart-h,5,20000,modal
x0_b1,0.0,-744345153.328125,17179869184.0,heart-h,5,20000,modal
x0_b2,0.0,-328152547.265625,17179869184.0,heart-h,5,20000,modal
x0_b3,0.0,-587609030.546875,17179869184.0,heart-h,5,20000,modal
x0_b4,0.0,-525630413.4375,17179869184.0,heart-h,5,20000,modal
x1_b0,0.0,-493560131.21875,17179869184.0,heart-h,5,20000,modal
x2_b0,0.0,-464779461.375,17179869184.0,heart-h,5,20000,modal
x2_b1,0.0,-401686440.03125,17179869184.0,heart-h,5,20000,modal
x3_b0,0.0,-536653761.125,17179869184.0,heart-h,5,20000,modal
x3_b1,0.0,-221079682.46875,17179869184.0,heart-h,5,20000,modal
x3_b2,0.0,-381496374.859375,17179869184.0,heart-h,5,20000,modal
x3_b3,0.0,-672281384.546875,17179869184.0,heart-h,5,20000,modal
x3_b4,0.0,-271590440.453125,17179869184.0,heart-h,5,20000,modal
x4_b0,0.0,-497618334.84375,17179869184.0,heart-h,5,20000,modal
x4_b1,0.0,-356104848.578125,17179869184.0,heart-h,5,20000,modal
x4_b2,0.0,-505740239.421875,17179869184.0,heart-h,5,20000,modal
x4_b3,0.0,-717116327.046875,17179869184.0,heart-h,5,20000,modal
x4_b4,0.0,-246611442.484375,17179869184.0,heart-h,5,20000,modal
x4_b5,0.0,-410539318.46875,17179869184.0,heart-h,5,20000,modal
x5_b0,0.0,-269341194.9375,17179869184.0,heart-h,5,20000,modal
x6_b0,0.0,-367294555.390625,17179869184.0,heart-h,5,20000,modal
x7_b0,0.0,-531494773.703125,17179869184.0,heart-h,5,20000,modal
x7_b1,0.0,-395988407.96875,17179869184.0,heart-h,5,20000,modal
x7_b2,0.0,-421445104.734375,17179869184.0,heart-h,5,20000,modal
x7_b3,0.0,-612208195.6875,17179869184.0,heart-h,5,20000,modal
x7_b4,0.0,-1210128347.859375,17179869184.0,heart-h,5,20000,modal
x8_b0,0.0,-627537044.5625,17179869184.0,heart-h,5,20000,modal
x9_b0,0.0,-639762472.28125,17179869184.0,heart-h,5,20000,modal
x9_b1,0.0,-1172947816.203125,17179869184.0,heart-h,5,20000,modal
x9_b2,0.0,-208669567.46875,17179869184.0,heart-h,5,20000,modal
x10_b0,0.0,-417354443.03125,17179869184.0,heart-h,5,20000,modal
x10_b1,0.0,-681144125.265625,17179869184.0,heart-h,5,20000,modal
x12_b0,0.0,-489908689.4375,17179869184.0,heart-h,5,20000,modal
x12_b1,0.0,-336837263.828125,17179869184.0,heart-h,5,20000,modal
x0_b0,0.0,-777126405599.4531,35184372088832.0,heart-sa,10,20000,modal
x0_b1,0.0,-1013996734584.4062,35184372088832.0,heart-sa,10,20000,modal
x0_b2,0.0,-981630295039.0938,35184372088832.0,heart-sa,10,20000,modal
x0_b3,0.0,-797440897002.2188,35184372088832.0,heart-sa,10,20000,modal
x0_b4,0.0,-319468942398.65625,35184372088832.0,heart-sa,10,20000,modal
x0_b5,0.0,-493363995649.84375,35184372088832.0,heart-sa,10,20000,modal
x1_b0,0.0,-1164705253052.1875,35184372088832.0,heart-sa,10,20000,modal
x1_b1,0.0,-456727637321.78125,35184372088832.0,heart-sa,10,20000,modal
x1_b2,0.0,-991297472997.328,35184372088832.0,heart-sa,10,20000,modal
x1_b3,0.0,-484181771827.2969,35184372088832.0,heart-sa,10,20000,modal
x1_b4,0.0,-1024426018886.6562,35184372088832.0,heart-sa,10,20000,modal
x1_b5,0.0,-432842390341.9375,35184372088832.0,heart-sa,10,20000,modal
x2_b0,0.0,-365424394140.34375,35184372088832.0,heart-sa,10,20000,modal
x2_b1,0.0,-1283195909777.078,35184372088832.0,heart-sa,10,20000,modal
x2_b2,0.0,-1128735590379.9688,35184372088832.0,heart-sa,10,20000,modal
x2_b3,0.0,-901609854539.422,35184372088832.0,heart-sa,10,20000,modal
x2_b4,0.0,-278820286289.5,35184372088832.0,heart-sa,10,20000,modal
x2_b5,0.0,-1143820351554.0156,35184372088832.0,heart-sa,10,20000,modal
x3_b0,0.0,-401734091846.9219,35184372088832.0,heart-sa,10,20000,modal
x3_b1,0.0,-655785764325.8438,35184372088832.0,heart-sa,10,20000,modal
x3_b2,0.0,-881454957693.25,35184372088832.0,heart-sa,10,20000,modal
x3_b3,0.0,-324880435929.71875,35184372088832.0,heart-sa,10,20000,modal
x3_b4,0.0,-470418949822.09375,35184372088832.0,heart-sa,10,20000,modal
x3_b5,0.0,-1114767444076.8438,35184372088832.0,heart-sa,10,20000,modal
x4_b0,0.0,-584799253007.375,35184372088832.0,heart-sa,10,20000,modal
x5_b0,0.0,-861779147502.6875,35184372088832.0,heart-sa,10,20000,modal
x5_b1,0.0,-790839239384.5156,35184372088832.0,heart-sa,10,20000,modal
x5_b2,0.0,-219674410890.125,35184372088832.0,heart-sa,10,20000,modal
x5_b3,0.0,-612310298369.1406,35184372088832.0,heart-sa,10,20000,modal
x5_b4,0.0,-472663747732.6406,35184372088832.0,heart-sa,10,20000,modal
x6_b0,0.0,-1134882144244.75,35184372088832.0,heart-sa,10,20000,modal
x6_b1,0.0,-768972184343.6562,35184372088832.0,heart-sa,10,20000,modal
x6_b2,0.0,-887967642381.4688,35184372088832.0,heart-sa,10,20000,modal
x6_b3,0.0,-365250240158.28125,35184372088832.0,heart-sa,10,20000,modal
x6_b4,0.0,-833671254059.4375,35184372088832.0,heart-sa,10,20000,modal
x7_b0,0.0,-526166908946.6094,35184372088832.0,heart-sa,10,20000,modal
x7_b1,0.0,-1088846448523.7968,35184372088832.0,heart-sa,10,20000,modal
x7_b2,0.0,-984666126105.0468,35184372088832.0,heart-sa,10,20000,modal
x7_b3,0.0,-658074717875.4688,35184372088832.0,heart-sa,10,20000,modal
x7_b4,0.0,-1735819706670.3906,35184372088832.0,heart-sa,10,20000,modal
x8_b0,0.0,-306007847466.875,35184372088832.0,heart-sa,10,20000,modal
x8_b1,0.0,-954522096529.8594,35184372088832.0,heart-sa,10,20000,modal
x8_b2,0.0,-1693704059044.2031,35184372088832.0,heart-sa,10,20000,modal
x8_b3,0.0,-768722458546.8125,35184372088832.0,heart-sa,10,20000,modal
x8_b4,0.0,-1047176311972.0,35184372088832.0,heart-sa,10,20000,modal
x0_b0,0.0,-777126405599.4531,35184372088832.0,heart-sa,5,20000,modal
x0_b1,0.0,-1013996734584.4062,35184372088832.0,heart-sa,5,20000,modal
x0_b2,0.0,-981630295039.0938,35184372088832.0,heart-sa,5,20000,modal
x0_b3,0.0,-797440897002.2188,35184372088832.0,heart-sa,5,20000,modal
x0_b4,0.0,-319468942398.65625,35184372088832.0,heart-sa,5,20000,modal
x0_b5,0.0,-493363995649.84375,35184372088832.0,heart-sa,5,20000,modal
x1_b0,0.0,-1164705253052.1875,35184372088832.0,heart-sa,5,20000,modal
x1_b1,0.0,-456727637321.78125,35184372088832.0,heart-sa,5,20000,modal
x1_b2,0.0,-991297472997.328,35184372088832.0,heart-sa,5,20000,modal
x1_b3,0.0,-484181771827.2969,35184372088832.0,heart-sa,5,20000,modal
x1_b4,0.0,-1024426018886.6562,35184372088832.0,heart-sa,5,20000,modal
x1_b5,0.0,-432842390341.9375,35184372088832.0,heart-sa,5,20000,modal
x2_b0,0.0,-365424394140.34375,35184372088832.0,heart-sa,5,20000,modal
x2_b1,0.0,-1283195909777.078,35184372088832.0,heart-sa,5,20000,modal
x2_b2,0.0,-1128735590379.9688,35184372088832.0,heart-sa,5,20000,modal
x2_b3,0.0,-901609854539.422,35184372088832.0,heart-sa,5,20000,modal
x2_b4,0.0,-278820286289.5,35184372088832.0,heart-sa,5,20000,modal
x2_b5,0.0,-1143820351554.0156,35184372088832.0,heart-sa,5,20000,modal
x3_b0,0.0,-401734091846.9219,35184372088832.0,heart-sa,5,20000,modal
x3_b1,0.0,-655785764325.8438,35184372088832.0,heart-sa,5,20000,modal
x3_b2,0.0,-881454957693.25,35184372088832.0,heart-sa,5,20000,modal
x3_b3,0.0,-324880435929.71875,35184372088832.0,heart-sa,5,20000,modal
x3_b4,0.0,-470418949822.09375,35184372088832.0,heart-sa,5,20000,modal
x3_b5,0.0,-1114767444076.8438,35184372088832.0,heart-sa,5,20000,modal
x4_b0,0.0,-584799253007.375,35184372088832.0,heart-sa,5,20000,modal
x5_b0,0.0,-861779147502.6875,35184372088832.0,heart-sa,5,20000,modal
x5_b1,0.0,-790839239384.5156,35184372088832.0,heart-sa,5,20000,modal
x5_b2,0.0,-219674410890.125,35184372088832.0,heart-sa,5,20000,modal
x5_b3,0.0,-612310298369.1406,35184372088832.0,heart-sa,5,20000,modal
x5_b4,0.0,-472663747732.6406,35184372088832.0,heart-sa,5,20000,modal
x6_b0,0.0,-1134882144244.75,35184372088832.0,heart-sa,5,20000,modal
x6_b1,0.0,-768972184343.6562,35184372088832.0,heart-sa,5,20000,modal
x6_b2,0.0,-887967642381.4688,35184372088832.0,heart-sa,5,20000,modal
x6_b3,0.0,-365250240158.28125,35184372088832.0,heart-sa,5,20000,modal
x6_b4,0.0,-833671254059.4375,35184372088832.0,heart-sa,5,20000,modal
x7_b0,0.0,-526166908946.6094,35184372088832.0,heart-sa,5,20000,modal
x7_b1,0.0,-1088846448523.7968,35184372088832.0,heart-sa,5,20000,modal
x7_b2,0.0,-984666126105.0468,35184372088832.0,heart-sa,5,20000,modal
x7_b3,0.0,-658074717875.4688,35184372088832.0,heart-sa,5,20000,modal
x7_b4,0.0,-1735819706670.3906,35184372088832.0,heart-sa,5,20000,modal
x8_b0,0.0,-306007847466.875,35184372088832.0,heart-sa,5,20000,modal
x8_b1,0.0,-954522096529.8594,35184372088832.0,heart-sa,5,20000,modal
x8_b2,0.0,-1693704059044.2031,35184372088832.0,heart-sa,5,20000,modal
x8_b3,0.0,-768722458546.8125,35184372088832.0,heart-sa,5,20000,modal
x8_b4,0.0,-1047176311972.0,35184372088832.0,heart-sa,5,20000,modal
x0_b0,0.0,-3807.796875,65536.0,iris,10,20000,modal
x0_b1,0.0,-6751.78125,65536.0,iris,10,20000,modal
x0_b2,0.0,-3034.0625,65536.0,iris,10,20000,modal
x0_b3,0.0,-6560.078125,65536.0,iris,10,20000,modal
x1_b0,0.0,-3575.859375,65536.0,iris,10,20000,modal
x1_b1,0.0,-3156.59375,65536.0,iris,10,20000,modal
x1_b2,0.0,-4070.203125,65536.0,iris,10,20000,modal
x2_b0,0.0,-2746.90625,65536.0,iris,10,20000,modal
x2_b1,0.0,-4491.609375,65536.0,iris,10,20000,modal
x2_b2,0.0,-2938.53125,65536.0,iris,10,20000,modal
x2_b3,0.0,-5242.09375,65536.0,iris,10,20000,modal
x2_b4,0.0,-4205.734375,65536.0,iris,10,20000,modal
x3_b0,0.0,-5161.421875,65536.0,iris,10,20000,modal
x3_b1,0.0,-4779.640625,65536.0,iris,10,20000,modal
x3_b2,0.0,-2799.5625,65536.0,iris,10,20000,modal
x3_b3,0.0,-2213.125,65536.0,iris,10,20000,modal
x0_b0,0.0,-3807.796875,65536.0,iris,5,20000,modal
x0_b1,0.0,-6751.78125,65536.0,iris,5,20000,modal
x0_b2,0.0,-3034.0625,65536.0,iris,5,20000,modal
x0_b3,0.0,-6560.078125,65536.0,iris,5,20000,modal
x1_b0,0.0,-3575.859375,65536.0,iris,5,20000,modal
x1_b1,0.0,-3156.59375,65536.0,iris,5,20000,modal
x1_b2,0.0,-4070.203125,65536.0,iris,5,20000,modal
x2_b0,0.0,-2746.90625,65536.0,iris,5,20000,modal
x2_b1,0.0,-4491.609375,65536.0,iris,5,20000,modal
x2_b2,0.0,-2938.53125,65536.0,iris,5,20000,modal
x2_b3,0.0,-5242.09375,65536.0,iris,5,20000,modal
x2_b4,0.0,-4205.734375,65536.0,iris,5,20000,modal
x3_b0,0.0,-5161.421875,65536.0,iris,5,20000,modal
x3_b1,0.0,-4779.640625,65536.0,iris,5,20000,modal
x3_b2,0.0,-2799.5625,65536.0,iris,5,20000,modal
x3_b3,0.0,-2213.125,65536.0,iris,5,20000,modal
x0_b0,0.0,-522.875,8192.0,lupus,10,20000,modal
x0_b1,0.0,-706.109375,8192.0,lupus,10,20000,modal
x0_b2,0.0,-607.859375,8192.0,lupus,10,20000,modal
x0_b3,0.0,-436.109375,8192.0,lupus,10,20000,modal
x0_b4,0.0,-700.375,8192.0,lupus,10,20000,modal
x1_b0,0.0,-399.890625,8192.0,lupus,10,20000,modal
x1_b1,0.0,-640.609375,8192.0,lupus,10,20000,modal
x1_b2,0.0,-666.359375,8192.0,lupus,10,20000,modal
x1_b3,0.0,-619.65625,8192.0,lupus,10,20000,modal
x2_b0,0.0,-880.109375,8192.0,lupus,10,20000,modal
x2_b1,0.0,-842.734375,8192.0,lupus,10,20000,modal
x2_b2,0.0,-609.046875,8192.0,lupus,10,20000,modal
x2_b3,0.0,-559.265625,8192.0,lupus,10,20000,modal
x0_b0,0.0,-522.875,8192.0,lupus,5,20000,modal
x0_b1,0.0,-706.109375,8192.0,lupus,5,20000,modal
x0_b2,0.0,-607.859375,8192.0,lupus,5,20000,modal
x0_b3,0.0,-436.109375,8192.0,lupus,5,20000,modal
x0_b4,0.0,-700.375,8192.0,lupus,5,20000,modal
x1_b0,0.0,-399.890625,8192.0,lupus,5,20000,modal
x1_b1,0.0,-640.609375,8192.0,lupus,5,20000,modal
x1_b2,0.0,-666.359375,8192.0,lupus,5,20000,modal
x1_b3,0.0,-619.65625,8192.0,lupus,5,20000,modal
x2_b0,0.0,-880.109375,8192.0,lupus,5,20000,modal
x2_b1,0.0,-842.734375,8192.0,lupus,5,20000,modal
x2_b2,0.0,-609.046875,8192.0,lupus,5,20000,modal
x2_b3,0.0,-559.265625,8192.0,lupus,5,20000,modal
x0_b0,0.0,-522.875,8192.0,mammo,10,20000,modal
x1_b0,0.0,-706.109375,8192.0,mammo,10,20000,modal
x2_b0,0.0,-607.859375,8192.0,mammo,10,20000,modal
x3_b0,0.0,-436.109375,8192.0,mammo,10,20000,modal
x4_b0,0.0,-700.375,8192.0,mammo,10,20000,modal
x5_b0,0.0,-399.890625,8192.0,mammo,10,20000,modal
x6_b0,0.0,-640.609375,8192.0,mammo,10,20000,modal
x7_b0,0.0,-666.359375,8192.0,mammo,10,20000,modal
x8_b0,0.0,-619.65625,8192.0,mammo,10,20000,modal
x9_b0,0.0,-880.109375,8192.0,mammo,10,20000,modal
x10_b0,0.0,-842.734375,8192.0,mammo,10,20000,modal
x11_b0,0.0,-609.046875,8192.0,mammo,10,20000,modal
x12_b0,0.0,-559.265625,8192.0,mammo,10,20000,modal
x0_b0,0.0,-522.875,8192.0,mammo,5,20000,modal
x1_b0,0.0,-706.109375,8192.0,mammo,5,20000,modal
x2_b0,0.0,-607.859375,8192.0,mammo,5,20000,modal
x3_b0,0.0,-436.109375,8192.0,mammo,5,20000,modal
x4_b0,0.0,-700.375,8192.0,mammo,5,20000,modal
x5_b0,0.0,-399.890625,8192.0,mammo,5,20000,modal
x6_b0,0.0,-640.609375,8192.0,mammo,5,20000,modal
x7_b0,0.0,-666.359375,8192.0,mammo,5,20000,modal
x8_b0,0.0,-619.65625,8192.0,mammo,5,20000,modal
x9_b0,0.0,-880.109375,8192.0,mammo,5,20000,modal
x10_b0,0.0,-842.734375,8192.0,mammo,5,20000,modal
x11_b0,0.0,-609.046875,8192.0,mammo,5,20000,modal
x12_b0,0.0,-559.265625,8192.0,mammo,5,20000,modal
x0_b0,0.0,-85.03125,1024.0,mofn-3-7-10,10,20000,modal
x1_b0,0.0,-112.78125,1024.0,mofn-3-7-10,10,20000,modal
x2_b0,0.0,-108.71875,1024.0,mofn-3-7-10,10,20000,modal
x3_b0,0.0,-108.546875,1024.0,mofn-3-7-10,10,20000,modal
x4_b0,0.0,-88.625,1024.0,mofn-3-7-10,10,20000,modal
x5_b0,0.0,-95.09375,1024.0,mofn-3-7-10,10,20000,modal
x6_b0,0.0,-111.421875,1024.0,mofn-3-7-10,10,20000,modal
x7_b0,0.0,-92.5,1024.0,mofn-3-7-10,10,20000,modal
x8_b0,0.0,-114.703125,1024.0,mofn-3-7-10,10,20000,modal
x9_b0,0.0,-105.578125,1024.0,mofn-3-7-10,10,20000,modal
x0_b0,0.0,-85.03125,1024.0,mofn-3-7-10,5,20000,modal
x1_b0,0.0,-112.78125,1024.0,mofn-3-7-10,5,20000,modal
x2_b0,0.0,-108.71875,1024.0,mofn-3-7-10,5,20000,modal
x3_b0,0.0,-108.546875,1024.0,mofn-3-7-10,5,20000,modal
x4_b0,0.0,-88.625,1024.0,mofn-3-7-10,5,20000,modal
x5_b0,0.0,-95.09375,1024.0,mofn-3-7-10,5,20000,modal
x6_b0,0.0,-111.421875,1024.0,mofn-3-7-10,5,20000,modal
x7_b0,0.0,-92.5,1024.0,mofn-3-7-10,5,20000,modal
x8_b0,0.0,-114.703125,1024.0,mofn-3-7-10,5,20000,modal
x9_b0,0.0,-105.578125,1024.0,mofn-3-7-10,5,20000,modal
x0_b0,0.0,-6853774.578125,268435456.0,new-thyroid,10,20000,modal
x0_b1,0.0,-10766111.59375,268435456.0,new-thyroid,10,20000,modal
x0_b2,0.0,-8011047.484375,268435456.0,new-thyroid,10,20000,modal
x0_b3,0.0,-10200318.984375,268435456.0,new-thyroid,10,20000,modal
x0_b4,0.0,-11260719.46875,268435456.0,new-thyroid,10,20000,modal
x1_b0,0.0,-8794110.515625,268435456.0,new-thyroid,10,20000,modal
x1_b1,0.0,-10362091.234375,268435456.0,new-thyroid,10,20000,modal
x1_b2,0.0,-13275017.890625,268435456.0,new-thyroid,10,20000,modal
x1_b3,0.0,-6790357.265625,268435456.0,new-thyroid,10,20000,modal
x1_b4,0.0,-5645562.234375,268435456.0,new-thyroid,10,20000,modal
x1_b5,0.0,-11452702.96875,268435456.0,new-thyroid,10,20000,modal
x2_b0,0.0,-9641112.0625,268435456.0,new-thyroid,10,20000,modal
x2_b1,0.0,-6439987.25,268435456.0,new-thyroid,10,20000,modal
x2_b2,0.0,-7142581.765625,268435456.0,new-thyroid,10,20000,modal
x2_b3,0.0,-11292681.15625,268435456.0,new-thyroid,10,20000,modal
x2_b4,0.0,-8299337.28125,268435456.0,new-thyroid,10,20000,modal
x3_b0,0.0,-14929726.09375,268435456.0,new-thyroid,10,20000,modal
x3_b1,0.0,-10160666.4375,268435456.0,new-thyroid,10,20000,modal
x3_b2,0.0,-8234995.59375,268435456.0,new-thyroid,10,20000,modal
x3_b3,0.0,-17360676.65625,268435456.0,new-thyroid,10,20000,modal
x3_b4,0.0,-12781572.15625,268435456.0,new-thyroid,10,20000,modal
x3_b5,0.0,-18161827.765625,268435456.0,new-thyroid,10,20000,modal
x4_b0,0.0,-4067160.84375,268435456.0,new-thyroid,10,20000,modal
x4_b1,0.0,-10727477.78125,268435456.0,new-thyroid,10,20000,modal
x4_b2,0.0,-8236598.9375,268435456.0,new-thyroid,10,20000,modal
x4_b3,0.0,-10732956.84375,268435456.0,new-thyroid,10,20000,modal
x4_b4,0.0,-4009320.921875,268435456.0,new-thyroid,10,20000,modal
x4_b5,0.0,-2804961.234375,268435456.0,new-thyroid,10,20000,modal
x0_b0,0.0,-6853774.578125,268435456.0,new-thyroid,5,20000,modal
x0_b1,0.0,-10766111.59375,268435456.0,new-thyroid,5,20000,modal
x0_b2,0.0,-8011047.484375,268435456.0,new-thyroid,5,20000,modal
x0_b3,0.0,-10200318.984375,268435456.0,new-thyroid,5,20000,modal
x0_b4,0.0,-11260719.46875,268435456.0,new-thyroid,5,20000,modal
x1_b0,0.0,-8794110.515625,268435456.0,new-thyroid,5,20000,modal
x1_b1,0.0,-10362091.234375,268435456.0,new-thyroid,5,20000,modal
x1_b2,0.0,-13275017.890625,268435456.0,new-thyroid,5,20000,modal
x1_b3,0.0,-6790357.265625,268435456.0,new-thyroid,5,20000,modal
x1_b4,0.0,-5645562.234375,268435456.0,new-thyroid,5,20000,modal
x1_b5,0.0,-11452702.96875,268435456.0,new-thyroid,5,20000,modal
x2_b0,0.0,-9641112.0625,268435456.0,new-thyroid,5,20000,modal
x2_b1,0.0,-6439987.25,268435456.0,new-thyroid,5,20000,modal
x2_b2,0.0,-7142581.765625,268435456.0,new-thyroid,5,20000,modal
x2_b3,0.0,-11292681.15625,268435456.0,new-thyroid,5,20000,modal
x2_b4,0.0,-8299337.28125,268435456.0,new-thyroid,5,20000,modal
x3_b0,0.0,-14929726.09375,268435456.0,new-thyroid,5,20000,modal
x3_b1,0.0,-10160666.4375,268435456.0,new-thyroid,5,20000,modal
x3_b2,0.0,-8234995.59375,268435456.0,new-thyroid,5,20000,modal
x3_b3,0.0,-17360676.65625,268435456.0,new-thyroid,5,20000,modal
x3_b4,0.0,-12781572.15625,268435456.0,new-thyroid,5,20000,modal
x3_b5,0.0,-18161827.765625,268435456.0,new-thyroid,5,20000,modal
x4_b0,0.0,-4067160.84375,268435456.0,new-thyroid,5,20000,modal
x4_b1,0.0,-10727477.78125,268435456.0,new-thyroid,5,20000,modal
x4_b2,0.0,-8236598.9375,268435456.0,new-thyroid,5,20000,modal
x4_b3,0.0,-10732956.84375,268435456.0,new-thyroid,5,20000,modal
x4_b4,0.0,-4009320.921875,268435456.0,new-thyroid,5,20000,modal
x4_b5,0.0,-2804961.234375,268435456.0,new-thyroid,5,20000,modal
x0_b0,0.0,-1.299659231210546e+18,1.475739525896764e+20,seismic_bumps,10,20000,modal
x1_b0,0.0,-2.602802933468252e+18,1.475739525896764e+20,seismic_bumps,10,20000,modal
x1_b1,0.0,-1.7069110290288648e+18,1.475739525896764e+20,seismic_bumps,10,20000,modal
x2_b0,0.0,-1.183667755862393e+18,1.475739525896764e+20,seismic_bumps,10,20000,modal
x3_b0,0.0,-2.0538908663279332e+18,1.475739525896764e+20,seismic_bumps,10,20000,modal
x3_b1,0.0,-3.194123063651381e+18,1.475739525896764e+20,seismic_bumps,10,20000,modal
x3_b2,0.0,-2.5132918886842245e+18,1.475739525896764e+20,seismic_bumps,10,20000,modal
x3_b3,0.0,-2.681698195745188e+18,1.475739525896764e+20,seismic_bumps,10,20000,modal
x3_b4,0.0,-1.0551689037979736e+18,1.475739525896764e+20,seismic_bumps,10,20000,modal
x3_b5,0.0,-1.3564953560376123e+18,1.475739525896764e+20,seismic_bumps,10,20000,modal
x3_b6,0.0,-1.6775131185506424e+18,1.475739525896764e+20,seismic_bumps,10,20000,modal
x3_b7,0.0,-2.9471185346926377e+18,1.475739525896764e+20,seismic_bumps,10,20000,modal
x3_b8,0.0,-9.875224053149148e+17,1.475739525896764e+20,seismic_bumps,10,20000,modal
x4_b0,0.0,-3.5326179806000394e+18,1.475739525896764e+20,seismic_bumps,10,20000,modal
x4_b1,0.0,-3.70755609808061e+18,1.475739525896764e+20,seismic_bumps,10,20000,modal
x4_b2,0.0,-2.065586577468337e+18,1.475739525896764e+20,seismic_bumps,10,20000,modal
x4_b3,0.0,-1.2551623953367895e+18,1.475739525896764e+20,seismic_bumps,10,20000,modal
x4_b4,0.0,-2.5563922494781235e+18,1.475739525896764e+20,seismic_bumps,10,20000,modal
x4_b5,0.0,-1.8108876657582984e+18,1.475739525896764e+20,seismic_bumps,10,20000,modal
x4_b6,0.0,-1.7305803947102746e+18,1.475739525896764e+20,seismic_bumps,10,20000,modal
x4_b7,0.0,-2.4277454054757857e+18,1.475739525896764e+20,seismic_bumps,10,20000,modal
x4_b8,0.0,-1.6116887343276155e+18,1.475739525896764e+20,seismic_bumps,10,20000,modal
x5_b0,0.0,-2.01063339558866e+18,1.475739525896764e+20,seismic_bumps,10,20000,modal
x5_b1,0.0,-4.952554386509348e+18,1.475739525896764e+20,seismic_bumps,10,20000,modal
x5_b2,0.0,-1.9213252718373e+18,1.475739525896764e+20,seismic_bumps,10,20000,modal
x5_b3,0.0,-1.4144176803881905e+18,1.475739525896764e+20,seismic_bumps,10,20000,modal
x5_b4,0.0,-3.4197904561552026e+18,1.475739525896764e+20,seismic_bumps,10,20000,modal
x5_b5,0.0,-1.7486115241693125e+18,1.475739525896764e+20,seismic_bumps,10,20000,modal
x5_b6,0.0,-1.5052340811906058e+18,1.475739525896764e+20,seismic_bumps,10,20000,modal
x5_b7,0.0,-4.74280395581014e+18,1.475739525896764e+20,seismic_bumps,10,20000,modal
x6_b0,0.0,-7.161062732611816e+17,1.475739525896764e+20,seismic_bumps,10,20000,modal
x6_b1,0.0,-8.0657211131886e+17,1.475739525896764e+20,seismic_bumps,10,20000,modal
x6_b2,0.0,-3.3650875918208947e+18,1.475739525896764e+20,seismic_bumps,10,20000,modal
x6_b3,0.0,-1.7509328720139889e+18,1.475739525896764e+20,seismic_bumps,10,20000,modal
x6_b4,0.0,-1.2010954675019356e+18,1.475739525896764e+20,seismic_bumps,10,20000,modal
x6_b5,0.0,-1.9442757875660687e+18,1.475739525896764e+20,seismic_bumps,10,20000,modal
x6_b6,0.0,-2.288171376620182e+18,1.475739525896764e+20,seismic_bumps,10,20000,modal
x6_b7,0.0,-1.168675921725017e+18,1.475739525896764e+20,seismic_bumps,10,20000,modal
x7_b0,0.0,-1.6813553825870172e+16,1.475739525896764e+20,seismic_bumps,10,20000,modal
x7_b1,0.0,-1.0001987085932872e+18,1.475739525896764e+20,seismic_bumps,10,20000,modal
x8_b0,0.0,-2.713853653049005e+18,1.475739525896764e+20,seismic_bumps,10,20000,modal
x8_b1,0.0,-1.067748165512154e+18,1.475739525896764e+20,seismic_bumps,10,20000,modal
x8_b2,0.0,-3.031018593708748e+18,1.475739525896764e+20,seismic_bumps,10,20000,modal
x8_b3,0.0,-2.8958555458283274e+18,1.475739525896764e+20,seismic_bumps,10,20000,modal
x9_b0,0.0,-2.8946722894998333e+18,1.475739525896764e+20,seismic_bumps,10,20000,modal
x9_b1,0.0,-2.818101846000712e+18,1.475739525896764e+20,seismic_bumps,10,20000,modal
x9_b2,0.0,-4.4707487057235154e+18,1.475739525896764e+20,seismic_bumps,10,20000,modal
x10_b0,0.0,-1.241382703259737e+18,1.475739525896764e+20,seismic_bumps,10,20000,modal
x10_b1,0.0,-4.2913555249267256e+18,1.475739525896764e+20,seismic_bumps,10,20000,modal
x10_b2,0.0,-8.521801645663375e+17,1.475739525896764e+20,seismic_bumps,10,20000,modal
x11_b0,0.0,-2.7480423908568847e+18,1.475739525896764e+20,seismic_bumps,10,20000,modal
x11_b1,0.0,-1.7967811562600218e+18,1.475739525896764e+20,seismic_bumps,10,20000,modal
x12_b0,0.0,-5.3331667644505e+17,1.475739525896764e+20,seismic_bumps,10,20000,modal
x16_b0,0.0,-1.2044832265604588e+18,1.475739525896764e+20,seismic_bumps,10,20000,modal
x16_b1,0.0,-2.8049375560444744e+18,1.475739525896764e+20,seismic_bumps,10,20000,modal
x16_b2,0.0,-2.2684753052447176e+18,1.475739525896764e+20,seismic_bumps,10,20000,modal
x16_b3,0.0,-2.3158493068674157e+17,1.475739525896764e+20,seismic_bumps,10,20000,modal
x16_b4,0.0,-1.2239996757628495e+18,1.475739525896764e+20,seismic_bumps,10,20000,modal
x16_b5,0.0,-2.993117298890828e+18,1.475739525896764e+20,seismic_bumps,10,20000,modal
x16_b6,0.0,-3.4883963790781983e+18,1.475739525896764e+20,seismic_bumps,10,20000,modal
x16_b7,0.0,-9.794212452637338e+17,1.475739525896764e+20,seismic_bumps,10,20000,modal
x17_b0,0.0,-2.5292388985409664e+18,1.475739525896764e+20,seismic_bumps,10,20000,modal
x17_b1,0.0,-5.646666269686182e+18,1.475739525896764e+20,seismic_bumps,10,20000,modal
x17_b2,0.0,-5.288582912786946e+18,1.475739525896764e+20,seismic_bumps,10,20000,modal
x17_b3,0.0,-1.1678654752882373e+18,1.475739525896764e+20,seismic_bumps,10,20000,modal
x17_b4,0.0,-2.326903574577775e+18,1.475739525896764e+20,seismic_bumps,10,20000,modal
x17_b5,0.0,-2.1338412261227597e+18,1.475739525896764e+20,seismic_bumps,10,20000,modal
x0_b0,0.0,-1.299659231210546e+18,1.475739525896764e+20,seismic_bumps,5,20000,modal
x1_b0,0.0,-2.602802933468252e+18,1.475739525896764e+20,seismic_bumps,5,20000,modal
x1_b1,0.0,-1.7069110290288648e+18,1.475739525896764e+20,seismic_bumps,5,20000,modal
x2_b0,0.0,-1.183667755862393e+18,1.475739525896764e+20,seismic_bumps,5,20000,modal
x3_b0,0.0,-2.0538908663279332e+18,1.475739525896764e+20,seismic_bumps,5,20000,modal
x3_b1,0.0,-3.194123063651381e+18,1.475739525896764e+20,seismic_bumps,5,20000,modal
x3_b2,0.0,-2.5132918886842245e+18,1.475739525896764e+20,seismic_bumps,5,20000,modal
x3_b3,0.0,-2.681698195745188e+18,1.475739525896764e+20,seismic_bumps,5,20000,modal
x3_b4,0.0,-1.0551689037979736e+18,1.475739525896764e+20,seismic_bumps,5,20000,modal
x3_b5,0.0,-1.3564953560376123e+18,1.475739525896764e+20,seismic_bumps,5,20000,modal
x3_b6,0.0,-1.6775131185506424e+18,1.475739525896764e+20,seismic_bumps,5,20000,modal
x3_b7,0.0,-2.9471185346926377e+18,1.475739525896764e+20,seismic_bumps,5,20000,modal
x3_b8,0.0,-9.875224053149148e+17,1.475739525896764e+20,seismic_bumps,5,20000,modal
x4_b0,0.0,-3.5326179806000394e+18,1.475739525896764e+20,seismic_bumps,5,20000,modal
x4_b1,0.0,-3.70755609808061e+18,1.475739525896764e+20,seismic_bumps,5,20000,modal
x4_b2,0.0,-2.065586577468337e+18,1.475739525896764e+20,seismic_bumps,5,20000,modal
x4_b3,0.0,-1.2551623953367895e+18,1.475739525896764e+20,seismic_bumps,5,20000,modal
x4_b4,0.0,-2.5563922494781235e+18,1.475739525896764e+20,seismic_bumps,5,20000,modal
x4_b5,0.0,-1.8108876657582984e+18,1.475739525896764e+20,seismic_bumps,5,20000,modal
x4_b6,0.0,-1.7305803947102746e+18,1.475739525896764e+20,seismic_bumps,5,20000,modal
x4_b7,0.0,-2.4277454054757857e+18,1.475739525896764e+20,seismic_bumps,5,20000,modal
x4_b8,0.0,-1.6116887343276155e+18,1.475739525896764e+20,seismic_bumps,5,20000,modal
x5_b0,0.0,-2.01063339558866e+18,1.475739525896764e+20,seismic_bumps,5,20000,modal
x5_b1,0.0,-4.952554386509348e+18,1.475739525896764e+20,seismic_bumps,5,20000,modal
x5_b2,0.0,-1.9213252718373e+18,1.475739525896764e+20,seismic_bumps,5,20000,modal
x5_b3,0.0,-1.4144176803881905e+18,1.475739525896764e+20,seismic_bumps,5,20000,modal
x5_b4,0.0,-3.4197904561552026e+18,1.475739525896764e+20,seismic_bumps,5,20000,modal
x5_b5,0.0,-1.7486115241693125e+18,1.475739525896764e+20,seismic_bumps,5,20000,modal
x5_b6,0.0,-1.5052340811906058e+18,1.475739525896764e+20,seismic_bumps,5,20000,modal
x5_b7,0.0,-4.74280395581014e+18,1.475739525896764e+20,seismic_bumps,5,20000,modal
x6_b0,0.0,-7.161062732611816e+17,1.475739525896764e+20,seismic_bumps,5,20000,modal
x6_b1,0.0,-8.0657211131886e+17,1.475739525896764e+20,seismic_bumps,5,20000,modal
x6_b2,0.0,-3.3650875918208947e+18,1.475739525896764e+20,seismic_bumps,5,20000,modal
x6_b3,0.0,-1.7509328720139889e+18,1.475739525896764e+20,seismic_bumps,5,20000,modal
x6_b4,0.0,-1.2010954675019356e+18,1.475739525896764e+20,seismic_bumps,5,20000,modal
x6_b5,0.0,-1.9442757875660687e+18,1.475739525896764e+20,seismic_bumps,5,20000,modal
x6_b6,0.0,-2.288171376620182e+18,1.475739525896764e+20,seismic_bumps,5,20000,modal
x6_b7,0.0,-1.168675921725017e+18,1.475739525896764e+20,seismic_bumps,5,20000,modal
x7_b0,0.0,-1.6813553825870172e+16,1.475739525896764e+20,seismic_bumps,5,20000,modal
x7_b1,0.0,-1.0001987085932872e+18,1.475739525896764e+20,seismic_bumps,5,20000,modal
x8_b0,0.0,-2.713853653049005e+18,1.475739525896764e+20,seismic_bumps,5,20000,modal
x8_b1,0.0,-1.067748165512154e+18,1.475739525896764e+20,seismic_bumps,5,20000,modal
x8_b2,0.0,-3.031018593708748e+18,1.475739525896764e+20,seismic_bumps,5,20000,modal
x8_b3,0.0,-2.8958555458283274e+18,1.475739525896764e+20,seismic_bumps,5,20000,modal
x9_b0,0.0,-2.8946722894998333e+18,1.475739525896764e+20,seismic_bumps,5,20000,modal
x9_b1,0.0,-2.818101846000712e+18,1.475739525896764e+20,seismic_bumps,5,20000,modal
x9_b2,0.0,-4.4707487057235154e+18,1.475739525896764e+20,seismic_bumps,5,20000,modal
x10_b0,0.0,-1.241382703259737e+18,1.475739525896764e+20,seismic_bumps,5,20000,modal
x10_b1,0.0,-4.2913555249267256e+18,1.475739525896764e+20,seismic_bumps,5,20000,modal
x10_b2,0.0,-8.521801645663375e+17,1.475739525896764e+20,seismic_bumps,5,20000,modal
x11_b0,0.0,-2.7480423908568847e+18,1.475739525896764e+20,seismic_bumps,5,20000,modal
x11_b1,0.0,-1.7967811562600218e+18,1.475739525896764e+20,seismic_bumps,5,20000,modal
x12_b0,0.0,-5.3331667644505e+17,1.475739525896764e+20,seismic_bumps,5,20000,modal
x16_b0,0.0,-1.2044832265604588e+18,1.475739525896764e+20,seismic_bumps,5,20000,modal
x16_b1,0.0,-2.8049375560444744e+18,1.475739525896764e+20,seismic_bumps,5,20000,modal
x16_b2,0.0,-2.2684753052447176e+18,1.475739525896764e+20,seismic_bumps,5,20000,modal
x16_b3,0.0,-2.3158493068674157e+17,1.475739525896764e+20,seismic_bumps,5,20000,modal
x16_b4,0.0,-1.2239996757628495e+18,1.475739525896764e+20,seismic_bumps,5,20000,modal
x16_b5,0.0,-2.993117298890828e+18,1.475739525896764e+20,seismic_bumps,5,20000,modal
x16_b6,0.0,-3.4883963790781983e+18,1.475739525896764e+20,seismic_bumps,5,20000,modal
x16_b7,0.0,-9.794212452637338e+17,1.475739525896764e+20,seismic_bumps,5,20000,modal
x17_b0,0.0,-2.5292388985409664e+18,1.475739525896764e+20,seismic_bumps,5,20000,modal
x17_b1,0.0,-5.646666269686182e+18,1.475739525896764e+20,seismic_bumps,5,20000,modal
x17_b2,0.0,-5.288582912786946e+18,1.475739525896764e+20,seismic_bumps,5,20000,modal
x17_b3,0.0,-1.1678654752882373e+18,1.475739525896764e+20,seismic_bumps,5,20000,modal
x17_b4,0.0,-2.326903574577775e+18,1.475739525896764e+20,seismic_bumps,5,20000,modal
x17_b5,0.0,-2.1338412261227597e+18,1.475739525896764e+20,seismic_bumps,5,20000,modal
x0_b0,0.0,-194939.484375,4194304.0,spect,10,20000,modal
x1_b0,0.0,-219368.640625,4194304.0,spect,10,20000,modal
x2_b0,0.0,-105675.453125,4194304.0,spect,10,20000,modal
x3_b0,0.0,-138503.859375,4194304.0,spect,10,20000,modal
x4_b0,0.0,-135969.03125,4194304.0,spect,10,20000,modal
x5_b0,0.0,-129401.1875,4194304.0,spect,10,20000,modal
x6_b0,0.0,-261452.515625,4194304.0,spect,10,20000,modal
x7_b0,0.0,-277089.5,4194304.0,spect,10,20000,modal
x8_b0,0.0,-108982.265625,4194304.0,spect,10,20000,modal
x9_b0,0.0,-183705.140625,4194304.0,spect,10,20000,modal
x10_b0,0.0,-359839.171875,4194304.0,spect,10,20000,modal
x11_b0,0.0,-171200.171875,4194304.0,spect,10,20000,modal
x12_b0,0.0,-138752.90625,4194304.0,spect,10,20000,modal
x13_b0,0.0,-203874.421875,4194304.0,spect,10,20000,modal
x14_b0,0.0,-165566.625,4194304.0,spect,10,20000,modal
x15_b0,0.0,-212864.9375,4194304.0,spect,10,20000,modal
x16_b0,0.0,-166542.78125,4194304.0,spect,10,20000,modal
x17_b0,0.0,-143615.28125,4194304.0,spect,10,20000,modal
x18_b0,0.0,-147219.3125,4194304.0,spect,10,20000,modal
x19_b0,0.0,-190895.390625,4194304.0,spect,10,20000,modal
x20_b0,0.0,-272235.796875,4194304.0,spect,10,20000,modal
x21_b0,0.0,-266609.125,4194304.0,spect,10,20000,modal
x0_b0,0.0,-194939.484375,4194304.0,spect,5,20000,modal
x1_b0,0.0,-219368.640625,4194304.0,spect,5,20000,modal
x2_b0,0.0,-105675.453125,4194304.0,spect,5,20000,modal
x3_b0,0.0,-138503.859375,4194304.0,spect,5,20000,modal
x4_b0,0.0,-135969.03125,4194304.0,spect,5,20000,modal
x5_b0,0.0,-129401.1875,4194304.0,spect,5,20000,modal
x6_b0,0.0,-261452.515625,4194304.0,spect,5,20000,modal
x7_b0,0.0,-277089.5,4194304.0,spect,5,20000,modal
x8_b0,0.0,-108982.265625,4194304.0,spect,5,20000,modal
x9_b0,0.0,-183705.140625,4194304.0,spect,5,20000,modal
x10_b0,0.0,-359839.171875,4194304.0,spect,5,20000,modal
x11_b0,0.0,-171200.171875,4194304.0,spect,5,20000,modal
x12_b0,0.0,-138752.90625,4194304.0,spect,5,20000,modal
x13_b0,0.0,-203874.421875,4194304.0,spect,5,20000,modal
x14_b0,0.0,-165566.625,4194304.0,spect,5,20000,modal
x15_b0,0.0,-212864.9375,4194304.0,spect,5,20000,modal
x16_b0,0.0,-166542.78125,4194304.0,spect,5,20000,modal
x17_b0,0.0,-143615.28125,4194304.0,spect,5,20000,modal
x18_b0,0.0,-147219.3125,4194304.0,spect,5,20000,modal
x19_b0,0.0,-190895.390625,4194304.0,spect,5,20000,modal
x20_b0,0.0,-272235.796875,4194304.0,spect,5,20000,modal
x21_b0,0.0,-266609.125,4194304.0,spect,5,20000,modal
x0_b0,0.0,-1.874048073564004e+17,7.378697629483821e+19,spectf,5,20000,modal
x3_b0,0.0,-1.0952622327489912e+18,7.378697629483821e+19,spectf,5,20000,modal
x4_b0,0.0,-6.642761226124846e+17,7.378697629483821e+19,spectf,5,20000,modal
x4_b1,0.0,-8.353438721559936e+17,7.378697629483821e+19,spectf,5,20000,modal
x5_b0,0.0,-1.311069453387566e+18,7.378697629483821e+19,spectf,5,20000,modal
x6_b0,0.0,-8.124924332432717e+17,7.378697629483821e+19,spectf,5,20000,modal
x7_b0,0.0,-2.549445149226866e+17,7.378697629483821e+19,spectf,5,20000,modal
x8_b0,0.0,-2.131767718604016e+18,7.378697629483821e+19,spectf,5,20000,modal
x9_b0,0.0,-1.831340495648738e+18,7.378697629483821e+19,spectf,5,20000,modal
x9_b1,0.0,-8.664665006847457e+17,7.378697629483821e+19,spectf,5,20000,modal
x11_b0,0.0,-9.056999374242618e+17,7.378697629483821e+19,spectf,5,20000,modal
x11_b1,0.0,-1.817608867541252e+18,7.378697629483821e+19,spectf,5,20000,modal
x12_b0,0.0,-1.409188433343077e+18,7.378697629483821e+19,spectf,5,20000,modal
x12_b1,0.0,-8.683901819301334e+17,7.378697629483821e+19,spectf,5,20000,modal
x13_b0,0.0,-2.2903512974915756e+18,7.378697629483821e+19,spectf,5,20000,modal
x13_b1,0.0,-1.1655750175553713e+18,7.378697629483821e+19,spectf,5,20000,modal
x14_b0,0.0,-3.360011754374372e+16,7.378697629483821e+19,spectf,5,20000,modal
x14_b1,0.0,-1.183286389113965e+18,7.378697629483821e+19,spectf,5,20000,modal
x14_b2,0.0,-1.1378859974732556e+18,7.378697629483821e+19,spectf,5,20000,modal
x15_b0,0.0,-9.020192113847548e+17,7.378697629483821e+19,spectf,5,20000,modal
x16_b0,0.0,-1.7887585384842332e+18,7.378697629483821e+19,spectf,5,20000,modal
x17_b0,0.0,-1.6590169903499233e+18,7.378697629483821e+19,spectf,5,20000,modal
x18_b0,0.0,-1.948564531531867e+17,7.378697629483821e+19,spectf,5,20000,modal
x18_b1,0.0,-9.600237426332416e+17,7.378697629483821e+19,spectf,5,20000,modal
x19_b0,0.0,-9.979041683457532e+17,7.378697629483821e+19,spectf,5,20000,modal
x19_b1,0.0,-2.2127563149475016e+18,7.378697629483821e+19,spectf,5,20000,modal
x20_b0,0.0,-1.205848802654566e+18,7.378697629483821e+19,spectf,5,20000,modal
x20_b1,0.0,-1.90030199548598e+18,7.378697629483821e+19,spectf,5,20000,modal
x21_b0,0.0,-1.9937955761318984e+18,7.378697629483821e+19,spectf,5,20000,modal
x22_b0,0.0,-3.717650373097929e+17,7.378697629483821e+19,spectf,5,20000,modal
x22_b1,0.0,-6.461101513140818e+17,7.378697629483821e+19,spectf,5,20000,modal
x22_b2,0.0,-9.819805775850536e+17,7.378697629483821e+19,spectf,5,20000,modal
x23_b0,0.0,-1.2117783492059016e+18,7.378697629483821e+19,spectf,5,20000,modal
x24_b0,0.0,-1.0650303113573584e+17,7.378697629483821e+19,spectf,5,20000,modal
x24_b1,0.0,-2.3089350397703293e+17,7.378697629483821e+19,spectf,5,20000,modal
x25_b0,0.0,-3.886174804766986e+17,7.378697629483821e+19,spectf,5,20000,modal
x25_b1,0.0,-9.364019358458872e+17,7.378697629483821e+19,spectf,5,20000,modal
x27_b0,0.0,-6.677239018996772e+17,7.378697629483821e+19,spectf,5,20000,modal
x27_b1,0.0,-1.6179755313696297e+18,7.378697629483821e+19,spectf,5,20000,modal
x28_b0,0.0,-1.3754674215474235e+18,7.378697629483821e+19,spectf,5,20000,modal
x29_b0,0.0,-2.576997392636081e+17,7.378697629483821e+19,spectf,5,20000,modal
x29_b1,0.0,-8.3014852264367e+17,7.378697629483821e+19,spectf,5,20000,modal
x30_b0,0.0,-2.143338014097841e+18,7.378697629483821e+19,spectf,5,20000,modal
x30_b1,0.0,-5.141412747846472e+16,7.378697629483821e+19,spectf,5,20000,modal
x31_b0,0.0,-1.0285538970722486e+18,7.378697629483821e+19,spectf,5,20000,modal
x31_b1,0.0,-1.2635999719327977e+18,7.378697629483821e+19,spectf,5,20000,modal
x33_b0,0.0,-2.8563212728686863e+18,7.378697629483821e+19,spectf,5,20000,modal
x33_b1,0.0,-1.2721904095750154e+18,7.378697629483821e+19,spectf,5,20000,modal
x34_b0,0.0,-1.1834662686990213e+18,7.378697629483821e+19,spectf,5,20000,modal
x35_b0,0.0,-1.2325660126873147e+18,7.378697629483821e+19,spectf,5,20000,modal
x36_b0,0.0,-1.375123623623853e+18,7.378697629483821e+19,spectf,5,20000,modal
x36_b1,0.0,-1.3911851563611653e+18,7.378697629483821e+19,spectf,5,20000,modal
x37_b0,0.0,-1.1063672087964746e+18,7.378697629483821e+19,spectf,5,20000,modal
x37_b1,0.0,-3.143726988866307e+18,7.378697629483821e+19,spectf,5,20000,modal
x38_b0,0.0,-2.260074395847321e+18,7.378697629483821e+19,spectf,5,20000,modal
x38_b1,0.0,-5.999156332694066e+17,7.378697629483821e+19,spectf,5,20000,modal
x39_b0,0.0,-1.055039893758104e+18,7.378697629483821e+19,spectf,5,20000,modal
x39_b1,0.0,-3.800462448513608e+17,7.378697629483821e+19,spectf,5,20000,modal
x39_b2,0.0,-7.601657410603547e+17,7.378697629483821e+19,spectf,5,20000,modal
x40_b0,0.0,-7.594798509549338e+17,7.378697629483821e+19,spectf,5,20000,modal
x41_b0,0.0,-1.1858291905472598e+17,7.378697629483821e+19,spectf,5,20000,modal
x41_b1,0.0,-2.394285708111152e+18,7.378697629483821e+19,spectf,5,20000,modal
x42_b0,0.0,-7.051726320962136e+17,7.378697629483821e+19,spectf,5,20000,modal
x42_b1,0.0,-1.5091054459505546e+18,7.378697629483821e+19,spectf,5,20000,modal
x43_b0,0.0,-4.8211929056916506e+17,7.378697629483821e+19,spectf,5,20000,modal
x43_b1,0.0,-4.748342193289576e+17,7.378697629483821e+19,spectf,5,20000,modal
x0_b0,0.0,-56.671875,512.0,threeOf9,10,20000,modal
x1_b0,0.0,-48.34375,512.0,threeOf9,10,20000,modal
x2_b0,0.0,-76.796875,512.0,threeOf9,10,20000,modal
x3_b0,0.0,-77.5625,512.0,threeOf9,10,20000,modal
x4_b0,0.0,-41.53125,512.0,threeOf9,10,20000,modal
x5_b0,0.0,-51.21875,512.0,threeOf9,10,20000,modal
x6_b0,0.0,-50.65625,512.0,threeOf9,10,20000,modal
x7_b0,0.0,-57.59375,512.0,threeOf9,10,20000,modal
x8_b0,0.0,-50.625,512.0,threeOf9,10,20000,modal
x0_b0,0.0,-56.671875,512.0,threeOf9,5,20000,modal
x1_b0,0.0,-48.34375,512.0,threeOf9,5,20000,modal
x2_b0,0.0,-76.796875,512.0,threeOf9,5,20000,modal
x3_b0,0.0,-77.5625,512.0,threeOf9,5,20000,modal
x4_b0,0.0,-41.53125,512.0,threeOf9,5,20000,modal
x5_b0,0.0,-51.21875,512.0,threeOf9,5,20000,modal
x6_b0,0.0,-50.65625,512.0,threeOf9,5,20000,modal
x7_b0,0.0,-57.59375,512.0,threeOf9,5,20000,modal
x8_b0,0.0,-50.625,512.0,threeOf9,5,20000,modal
x0_b0,0.0,-4336674949118.5312,140737488355328.0,wine-recog,5,20000,modal
x0_b1,0.0,-4004331182936.7656,140737488355328.0,wine-recog,5,20000,modal
x0_b2,0.0,-1499785475511.0,140737488355328.0,wine-recog,5,20000,modal
x0_b3,0.0,-3622832418969.844,140737488355328.0,wine-recog,5,20000,modal
x1_b0,0.0,-1734468109905.0625,140737488355328.0,wine-recog,5,20000,modal
x1_b1,0.0,-3010571294562.5312,140737488355328.0,wine-recog,5,20000,modal
x1_b2,0.0,-2419318907800.672,140737488355328.0,wine-recog,5,20000,modal
x2_b0,0.0,-2732483535078.125,140737488355328.0,wine-recog,5,20000,modal
x2_b1,0.0,-2687861082586.25,140737488355328.0,wine-recog,5,20000,modal
x2_b2,0.0,-1267907016614.0156,140737488355328.0,wine-recog,5,20000,modal
x3_b0,0.0,-1801158302971.125,140737488355328.0,wine-recog,5,20000,modal
x3_b1,0.0,-1985912770358.0625,140737488355328.0,wine-recog,5,20000,modal
x3_b2,0.0,-4016626799499.8906,140737488355328.0,wine-recog,5,20000,modal
x4_b0,0.0,-4501296835505.688,140737488355328.0,wine-recog,5,20000,modal
x4_b1,0.0,-1431778316321.922,140737488355328.0,wine-recog,5,20000,modal
x4_b2,0.0,-1957037506146.3596,140737488355328.0,wine-recog,5,20000,modal
x5_b0,0.0,-3327646351175.6406,140737488355328.0,wine-recog,5,20000,modal
x5_b1,0.0,-3657676283293.6406,140737488355328.0,wine-recog,5,20000,modal
x5_b2,0.0,-3330051600596.1094,140737488355328.0,wine-recog,5,20000,modal
x5_b3,0.0,-2168298996434.7808,140737488355328.0,wine-recog,5,20000,modal
x6_b0,0.0,-4426431085067.25,140737488355328.0,wine-recog,5,20000,modal
x6_b1,0.0,-2724451021201.875,140737488355328.0,wine-recog,5,20000,modal
x6_b2,0.0,-2499379071936.656,140737488355328.0,wine-recog,5,20000,modal
x6_b3,0.0,-5922555891359.375,140737488355328.0,wine-recog,5,20000,modal
x6_b4,0.0,-3565653266468.422,140737488355328.0,wine-recog,5,20000,modal
x7_b0,0.0,-3974217252050.703,140737488355328.0,wine-recog,5,20000,modal
x7_b1,0.0,-1631701087107.6875,140737488355328.0,wine-recog,5,20000,modal
x8_b0,0.0,-3846620290312.5938,140737488355328.0,wine-recog,5,20000,modal
x8_b1,0.0,-4753984548495.141,140737488355328.0,wine-recog,5,20000,modal
x8_b2,0.0,-3846733339851.063,140737488355328.0,wine-recog,5,20000,modal
x9_b0,0.0,-2277168836230.5938,140737488355328.0,wine-recog,5,20000,modal
x9_b1,0.0,-1814039503543.1875,140737488355328.0,wine-recog,5,20000,modal
x9_b2,0.0,-2323984813255.8594,140737488355328.0,wine-recog,5,20000,modal
x9_b3,0.0,-2471847745937.172,140737488355328.0,wine-recog,5,20000,modal
x9_b4,0.0,-2280819710774.922,140737488355328.0,wine-recog,5,20000,modal
x10_b0,0.0,-5353569966246.063,140737488355328.0,wine-recog,5,20000,modal
x10_b1,0.0,-2306309324934.078,140737488355328.0,wine-recog,5,20000,modal
x10_b2,0.0,-1082414834678.25,140737488355328.0,wine-recog,5,20000,modal
x10_b3,0.0,-1132589114881.0,140737488355328.0,wine-recog,5,20000,modal
x11_b0,0.0,-4018632229306.36,140737488355328.0,wine-recog,5,20000,modal
x11_b1,0.0,-1890921106855.453,140737488355328.0,wine-recog,5,20000,modal
x11_b2,0.0,-3152453647755.437,140737488355328.0,wine-recog,5,20000,modal
x11_b3,0.0,-4613706415036.3125,140737488355328.0,wine-recog,5,20000,modal
x12_b0,0.0,-2253393433556.516,140737488355328.0,wine-recog,5,20000,modal
x12_b1,0.0,-317053826842.7344,140737488355328.0,wine-recog,5,20000,modal
x12_b2,0.0,-6547186375408.281,140737488355328.0,wine-recog,5,20000,modal
x12_b3,0.0,-4215952880848.0,140737488355328.0,wine-recog,5,20000,modal
x0_b0,0.0,-4336674949118.5312,140737488355328.0,wine-recognition,5,20000,modal
x0_b1,0.0,-4004331182936.7656,140737488355328.0,wine-recognition,5,20000,modal
x0_b2,0.0,-1499785475511.0,140737488355328.0,wine-recognition,5,20000,modal
x0_b3,0.0,-3622832418969.844,140737488355328.0,wine-recognition,5,20000,modal
x1_b0,0.0,-1734468109905.0625,140737488355328.0,wine-recognition,5,20000,modal
x1_b1,0.0,-3010571294562.5312,140737488355328.0,wine-recognition,5,20000,modal
x1_b2,0.0,-2419318907800.672,140737488355328.0,wine-recognition,5,20000,modal
x2_b0,0.0,-2732483535078.125,140737488355328.0,wine-recognition,5,20000,modal
x2_b1,0.0,-2687861082586.25,140737488355328.0,wine-recognition,5,20000,modal
x2_b2,0.0,-1267907016614.0156,140737488355328.0,wine-recognition,5,20000,modal
x3_b0,0.0,-1801158302971.125,140737488355328.0,wine-recognition,5,20000,modal
x3_b1,0.0,-1985912770358.0625,140737488355328.0,wine-recognition,5,20000,modal
x3_b2,0.0,-4016626799499.8906,140737488355328.0,wine-recognition,5,20000,modal
x4_b0,0.0,-4501296835505.688,140737488355328.0,wine-recognition,5,20000,modal
x4_b1,0.0,-1431778316321.922,140737488355328.0,wine-recognition,5,20000,modal
x4_b2,0.0,-1957037506146.3596,140737488355328.0,wine-recognition,5,20000,modal
x5_b0,0.0,-3327646351175.6406,140737488355328.0,wine-recognition,5,20000,modal
x5_b1,0.0,-3657676283293.6406,140737488355328.0,wine-recognition,5,20000,modal
x5_b2,0.0,-3330051600596.1094,140737488355328.0,wine-recognition,5,20000,modal
x5_b3,0.0,-2168298996434.7808,140737488355328.0,wine-recognition,5,20000,modal
x6_b0,0.0,-4426431085067.25,140737488355328.0,wine-recognition,5,20000,modal
x6_b1,0.0,-2724451021201.875,140737488355328.0,wine-recognition,5,20000,modal
x6_b2,0.0,-2499379071936.656,140737488355328.0,wine-recognition,5,20000,modal
x6_b3,0.0,-5922555891359.375,140737488355328.0,wine-recognition,5,20000,modal
x6_b4,0.0,-3565653266468.422,140737488355328.0,wine-recognition,5,20000,modal
x7_b0,0.0,-3974217252050.703,140737488355328.0,wine-recognition,5,20000,modal
x7_b1,0.0,-1631701087107.6875,140737488355328.0,wine-recognition,5,20000,modal
x8_b0,0.0,-3846620290312.5938,140737488355328.0,wine-recognition,5,20000,modal
x8_b1,0.0,-4753984548495.141,140737488355328.0,wine-recognition,5,20000,modal
x8_b2,0.0,-3846733339851.063,140737488355328.0,wine-recognition,5,20000,modal
x9_b0,0.0,-2277168836230.5938,140737488355328.0,wine-recognition,5,20000,modal
x9_b1,0.0,-1814039503543.1875,140737488355328.0,wine-recognition,5,20000,modal
x9_b2,0.0,-2323984813255.8594,140737488355328.0,wine-recognition,5,20000,modal
x9_b3,0.0,-2471847745937.172,140737488355328.0,wine-recognition,5,20000,modal
x9_b4,0.0,-2280819710774.922,140737488355328.0,wine-recognition,5,20000,modal
x10_b0,0.0,-5353569966246.063,140737488355328.0,wine-recognition,5,20000,modal
x10_b1,0.0,-2306309324934.078,140737488355328.0,wine-recognition,5,20000,modal
x10_b2,0.0,-1082414834678.25,140737488355328.0,wine-recognition,5,20000,modal
x10_b3,0.0,-1132589114881.0,140737488355328.0,wine-recognition,5,20000,modal
x11_b0,0.0,-4018632229306.36,140737488355328.0,wine-recognition,5,20000,modal
x11_b1,0.0,-1890921106855.453,140737488355328.0,wine-recognition,5,20000,modal
x11_b2,0.0,-3152453647755.437,140737488355328.0,wine-recognition,5,20000,modal
x11_b3,0.0,-4613706415036.3125,140737488355328.0,wine-recognition,5,20000,modal
x12_b0,0.0,-2253393433556.516,140737488355328.0,wine-recognition,5,20000,modal
x12_b1,0.0,-317053826842.7344,140737488355328.0,wine-recognition,5,20000,modal
x12_b2,0.0,-6547186375408.281,140737488355328.0,wine-recognition,5,20000,modal
x12_b3,0.0,-4215952880848.0,140737488355328.0,wine-recognition,5,20000,modal
x0_b0,0.0,-5.400866316308716e+36,3.402823669209385e+38,wpbc,5,20000,modal
x0_b1,0.0,-8.412850876089665e+36,3.402823669209385e+38,wpbc,5,20000,modal
x0_b2,0.0,-2.692451861393997e+36,3.402823669209385e+38,wpbc,5,20000,modal
x0_b3,0.0,-3.615356796281396e+36,3.402823669209385e+38,wpbc,5,20000,modal
x0_b4,0.0,-4.6786394529153184e+36,3.402823669209385e+38,wpbc,5,20000,modal
x1_b0,0.0,-4.4119647548717097e+36,3.402823669209385e+38,wpbc,5,20000,modal
x1_b1,0.0,-2.728416480326942e+35,3.402823669209385e+38,wpbc,5,20000,modal
x1_b2,0.0,-5.844589933618151e+36,3.402823669209385e+38,wpbc,5,20000,modal
x1_b3,0.0,-1.583719505026581e+36,3.402823669209385e+38,wpbc,5,20000,modal
x2_b0,0.0,-7.013264482343884e+35,3.402823669209385e+38,wpbc,5,20000,modal
x2_b1,0.0,-1.0842992395029778e+35,3.402823669209385e+38,wpbc,5,20000,modal
x2_b2,0.0,-3.700346197749308e+36,3.402823669209385e+38,wpbc,5,20000,modal
x3_b0,0.0,-2.498933971352399e+35,3.402823669209385e+38,wpbc,5,20000,modal
x3_b1,0.0,-4.987415494796613e+36,3.402823669209385e+38,wpbc,5,20000,modal
x3_b2,0.0,-1.417310182995054e+36,3.402823669209385e+38,wpbc,5,20000,modal
x3_b3,0.0,-5.661960104332567e+36,3.402823669209385e+38,wpbc,5,20000,modal
x4_b0,0.0,-2.7208919097803763e+36,3.402823669209385e+38,wpbc,5,20000,modal
x4_b1,0.0,-2.927208800745243e+36,3.402823669209385e+38,wpbc,5,20000,modal
x4_b2,0.0,-3.350026781988178e+35,3.402823669209385e+38,wpbc,5,20000,modal
x4_b3,0.0,-4.21875583159797e+35,3.402823669209385e+38,wpbc,5,20000,modal
x5_b0,0.0,-3.8010351965444686e+36,3.402823669209385e+38,wpbc,5,20000,modal
x5_b1,0.0,-1.0425276048274317e+36,3.402823669209385e+38,wpbc,5,20000,modal
x5_b2,0.0,-4.543007912500105e+32,3.402823669209385e+38,wpbc,5,20000,modal
x5_b3,0.0,-2.340103662916092e+36,3.402823669209385e+38,wpbc,5,20000,modal
x6_b0,0.0,-2.23492664200707e+35,3.402823669209385e+38,wpbc,5,20000,modal
x6_b1,0.0,-5.350013588744781e+36,3.402823669209385e+38,wpbc,5,20000,modal
x6_b2,0.0,-5.498042904643394e+36,3.402823669209385e+38,wpbc,5,20000,modal
x6_b3,0.0,-5.224121383223733e+36,3.402823669209385e+38,wpbc,5,20000,modal
x7_b0,0.0,-1.4623845749173737e+36,3.402823669209385e+38,wpbc,5,20000,modal
x7_b1,0.0,-1.6073488109550813e+36,3.402823669209385e+38,wpbc,5,20000,modal
x7_b2,0.0,-1.4396480621358336e+36,3.402823669209385e+38,wpbc,5,20000,modal
x7_b3,0.0,-4.292855125904207e+36,3.402823669209385e+38,wpbc,5,20000,modal
x8_b0,0.0,-6.080452210910113e+36,3.402823669209385e+38,wpbc,5,20000,modal
x8_b1,0.0,-1.5180271602903133e+36,3.402823669209385e+38,wpbc,5,20000,modal
x8_b2,0.0,-3.6767699551759575e+36,3.402823669209385e+38,wpbc,5,20000,modal
x8_b3,0.0,-9.971292800236684e+35,3.402823669209385e+38,wpbc,5,20000,modal
x9_b0,0.0,-2.8275712806189057e+36,3.402823669209385e+38,wpbc,5,20000,modal
x9_b1,0.0,-1.5945548883208113e+36,3.402823669209385e+38,wpbc,5,20000,modal
x9_b2,0.0,-4.237564607558671e+36,3.402823669209385e+38,wpbc,5,20000,modal
x9_b3,0.0,-4.171879874940319e+34,3.402823669209385e+38,wpbc,5,20000,modal
x10_b0,0.0,-1.3970672987623893e+36,3.402823669209385e+38,wpbc,5,20000,modal
x10_b1,0.0,-2.078129714349824e+36,3.402823669209385e+38,wpbc,5,20000,modal
x10_b2,0.0,-4.158737959782374e+35,3.402823669209385e+38,wpbc,5,20000,modal
x10_b3,0.0,-5.413943207109773e+36,3.402823669209385e+38,wpbc,5,20000,modal
x11_b0,0.0,-4.244419867045285e+36,3.402823669209385e+38,wpbc,5,20000,modal
x11_b1,0.0,-5.826332028334751e+36,3.402823669209385e+38,wpbc,5,20000,modal
x11_b2,0.0,-2.838909248937428e+36,3.402823669209385e+38,wpbc,5,20000,modal
x11_b3,0.0,-3.124323318579532e+34,3.402823669209385e+38,wpbc,5,20000,modal
x12_b0,0.0,-5.417735845662424e+36,3.402823669209385e+38,wpbc,5,20000,modal
x12_b1,0.0,-3.794272264263945e+36,3.402823669209385e+38,wpbc,5,20000,modal
x12_b2,0.0,-1.0333659779548952e+36,3.402823669209385e+38,wpbc,5,20000,modal
x12_b3,0.0,-2.850953036239194e+35,3.402823669209385e+38,wpbc,5,20000,modal
x13_b0,0.0,-3.421739287889266e+36,3.402823669209385e+38,wpbc,5,20000,modal
x13_b1,0.0,-3.033973119286199e+36,3.402823669209385e+38,wpbc,5,20000,modal
x13_b2,0.0,-4.130217383699034e+36,3.402823669209385e+38,wpbc,5,20000,modal
x13_b3,0.0,-1.782030970740917e+35,3.402823669209385e+38,wpbc,5,20000,modal
x14_b0,0.0,-9.230658596761692e+36,3.402823669209385e+38,wpbc,5,20000,modal
x14_b1,0.0,-3.368644580073972e+36,3.402823669209385e+38,wpbc,5,20000,modal
x14_b2,0.0,-1.3961285264118316e+36,3.402823669209385e+38,wpbc,5,20000,modal
x14_b3,0.0,-7.264949988775009e+36,3.402823669209385e+38,wpbc,5,20000,modal
x15_b0,0.0,-2.9117751729192886e+36,3.402823669209385e+38,wpbc,5,20000,modal
x15_b1,0.0,-4.0016021579365947e+36,3.402823669209385e+38,wpbc,5,20000,modal
x15_b2,0.0,-6.700024108658462e+35,3.402823669209385e+38,wpbc,5,20000,modal
x16_b0,0.0,-2.3505514464066573e+36,3.402823669209385e+38,wpbc,5,20000,modal
x16_b1,0.0,-6.839068863724917e+36,3.402823669209385e+38,wpbc,5,20000,modal
x17_b0,0.0,-5.376157167555028e+36,3.402823669209385e+38,wpbc,5,20000,modal
x17_b1,0.0,-3.129282857278166e+35,3.402823669209385e+38,wpbc,5,20000,modal
x17_b2,0.0,-1.412480336389099e+36,3.402823669209385e+38,wpbc,5,20000,modal
x17_b3,0.0,-3.909811261340228e+36,3.402823669209385e+38,wpbc,5,20000,modal
x17_b4,0.0,-2.744205205414393e+36,3.402823669209385e+38,wpbc,5,20000,modal
x18_b0,0.0,-4.360423431498263e+36,3.402823669209385e+38,wpbc,5,20000,modal
x18_b1,0.0,-1.56819282356552e+36,3.402823669209385e+38,wpbc,5,20000,modal
x18_b2,0.0,-1.2461554110400518e+36,3.402823669209385e+38,wpbc,5,20000,modal
x18_b3,0.0,-1.4418031598317934e+36,3.402823669209385e+38,wpbc,5,20000,modal
x19_b0,0.0,-2.71294168554214e+36,3.402823669209385e+38,wpbc,5,20000,modal
x19_b1,0.0,-1.7446120206356543e+36,3.402823669209385e+38,wpbc,5,20000,modal
x19_b2,0.0,-5.283508810520919e+36,3.402823669209385e+38,wpbc,5,20000,modal
x19_b3,0.0,-1.2053029311543554e+36,3.402823669209385e+38,wpbc,5,20000,modal
x20_b0,0.0,-2.503783789646652e+36,3.402823669209385e+38,wpbc,5,20000,modal
x20_b1,0.0,-1.0570144530920304e+36,3.402823669209385e+38,wpbc,5,20000,modal
x20_b2,0.0,-3.712493842336009e+35,3.402823669209385e+38,wpbc,5,20000,modal
x20_b3,0.0,-1.4134117266095473e+36,3.402823669209385e+38,wpbc,5,20000,modal
x21_b0,0.0,-7.665187735264482e+35,3.402823669209385e+38,wpbc,5,20000,modal
x21_b1,0.0,-2.7137981077672026e+36,3.402823669209385e+38,wpbc,5,20000,modal
x21_b2,0.0,-4.079533892620853e+36,3.402823669209385e+38,wpbc,5,20000,modal
x21_b3,0.0,-3.762806675738097e+36,3.402823669209385e+38,wpbc,5,20000,modal
x22_b0,0.0,-4.1587419096862144e+36,3.402823669209385e+38,wpbc,5,20000,modal
x22_b1,0.0,-5.099130995614297e+35,3.402823669209385e+38,wpbc,5,20000,modal
x22_b2,0.0,-3.36915405281749e+36,3.402823669209385e+38,wpbc,5,20000,modal
x22_b3,0.0,-1.1869493107518317e+36,3.402823669209385e+38,wpbc,5,20000,modal
x23_b0,0.0,-4.691353312423328e+34,3.402823669209385e+38,wpbc,5,20000,modal
x23_b1,0.0,-7.505309213583974e+35,3.402823669209385e+38,wpbc,5,20000,modal
x23_b2,0.0,-2.874071198917536e+34,3.402823669209385e+38,wpbc,5,20000,modal
x24_b0,0.0,-7.120815120667041e+35,3.402823669209385e+38,wpbc,5,20000,modal
x24_b1,0.0,-3.038208748251852e+36,3.402823669209385e+38,wpbc,5,20000,modal
x24_b2,0.0,-4.014253671097976e+36,3.402823669209385e+38,wpbc,5,20000,modal
x25_b0,0.0,-9.73890635441394e+36,3.402823669209385e+38,wpbc,5,20000,modal
x25_b1,0.0,-4.406038480568989e+36,3.402823669209385e+38,wpbc,5,20000,modal
x25_b2,0.0,-2.0088448376269283e+36,3.402823669209385e+38,wpbc,5,20000,modal
x25_b3,0.0,-8.45983147586376e+35,3.402823669209385e+38,wpbc,5,20000,modal
x26_b0,0.0,-3.743659567615332e+35,3.402823669209385e+38,wpbc,5,20000,modal
x26_b1,0.0,-8.521052935732574e+36,3.402823669209385e+38,wpbc,5,20000,modal
x26_b2,0.0,-1.002176824860474e+36,3.402823669209385e+38,wpbc,5,20000,modal
x26_b3,0.0,-5.577583137643425e+36,3.402823669209385e+38,wpbc,5,20000,modal
x27_b0,0.0,-7.912324071337388e+35,3.402823669209385e+38,wpbc,5,20000,modal
x27_b1,0.0,-7.711716481038403e+35,3.402823669209385e+38,wpbc,5,20000,modal
x27_b2,0.0,-1.7096553000930713e+36,3.402823669209385e+38,wpbc,5,20000,modal
x27_b3,0.0,-3.381688784718118e+35,3.402823669209385e+38,wpbc,5,20000,modal
x27_b4,0.0,-4.490797072981476e+36,3.402823669209385e+38,wpbc,5,20000,modal
x28_b0,0.0,-5.286623894421505e+35,3.402823669209385e+38,wpbc,5,20000,modal
x28_b1,0.0,-2.659154844758642e+36,3.402823669209385e+38,wpbc,5,20000,modal
x28_b2,0.0,-1.4816307198456276e+36,3.402823669209385e+38,wpbc,5,20000,modal
x28_b3,0.0,-4.164319130557844e+36,3.402823669209385e+38,wpbc,5,20000,modal
x29_b0,0.0,-1.1950422089800264e+36,3.402823669209385e+38,wpbc,5,20000,modal
x29_b1,0.0,-3.3347168542031305e+33,3.402823669209385e+38,wpbc,5,20000,modal
x29_b2,0.0,-1.131359574796775e+35,3.402823669209385e+38,wpbc,5,20000,modal
x29_b3,0.0,-3.398536801503603e+35,3.402823669209385e+38,wpbc,5,20000,modal
x30_b0,0.0,-2.1393101593575237e+36,3.402823669209385e+38,wpbc,5,20000,modal
x30_b1,0.0,-1.5426471381599744e+36,3.402823669209385e+38,wpbc,5,20000,modal
x30_b2,0.0,-1.3359644954217227e+36,3.402823669209385e+38,wpbc,5,20000,modal
x30_b3,0.0,-1.0566427699720096e+36,3.402823669209385e+38,wpbc,5,20000,modal
x31_b0,0.0,-3.610108479002602e+36,3.402823669209385e+38,wpbc,5,20000,modal
x31_b1,0.0,-4.822580381204835e+36,3.402823669209385e+38,wpbc,5,20000,modal
x31_b2,0.0,-5.530131156003738e+36,3.402823669209385e+38,wpbc,5,20000,modal
x31_b3,0.0,-2.719848065336245e+36,3.402823669209385e+38,wpbc,5,20000,modal
x32_b0,0.0,-6.831555475629522e+35,3.402823669209385e+38,wpbc,5,20000,modal
x32_b1,0.0,-2.990897057259213e+36,3.402823669209385e+38,wpbc,5,20000,modal
x32_b2,0.0,-1.318389335474157e+34,3.402823669209385e+38,wpbc,5,20000,modal
x0_b0,0.0,-56.671875,512.0,xd6,10,20000,modal
x1_b0,0.0,-48.34375,512.0,xd6,10,20000,modal
x2_b0,0.0,-76.796875,512.0,xd6,10,20000,modal
x3_b0,0.0,-77.5625,512.0,xd6,10,20000,modal
x4_b0,0.0,-41.53125,512.0,xd6,10,20000,modal
x5_b0,0.0,-51.21875,512.0,xd6,10,20000,modal
x6_b0,0.0,-50.65625,512.0,xd6,10,20000,modal
x7_b0,0.0,-57.59375,512.0,xd6,10,20000,modal
x8_b0,0.0,-50.625,512.0,xd6,10,20000,modal
x0_b0,0.0,-56.671875,512.0,xd6,5,20000,modal
x1_b0,0.0,-48.34375,512.0,xd6,5,20000,modal
x2_b0,0.0,-76.796875,512.0,xd6,5,20000,modal
x3_b0,0.0,-77.5625,512.0,xd6,5,20000,modal
x4_b0,0.0,-41.53125,512.0,xd6,5,20000,modal
x5_b0,0.0,-51.21875,512.0,xd6,5,20000,modal
x6_b0,0.0,-50.65625,512.0,xd6,5,20000,modal
x7_b0,0.0,-57.59375,512.0,xd6,5,20000,modal
x8_b0,0.0,-50.625,512.0,xd6,5,20000,modal
